guid/image/axis,value
87e9e215-a030-476d-ac5f-f1f4d06ac0c9/0000/r,0
87e9e215-a030-476d-ac5f-f1f4d06ac0c9/0000/theta,0
d441b25e-dd7d-46c2-895d-2510bcbd207d/0055/r,0
d441b25e-dd7d-46c2-895d-2510bcbd207d/0055/theta,0
05ccd11f-9082-4273-aefa-f8386f9ac125/0003/r,0
05ccd11f-9082-4273-aefa-f8386f9ac125/0003/theta,0
c6efa238-f063-407a-9f5c-81bb9983302e/0016/r,0
c6efa238-f063-407a-9f5c-81bb9983302e/0016/theta,0
5d07a8d5-1fed-47ef-8bb7-a6074763e09e/0032/r,0
5d07a8d5-1fed-47ef-8bb7-a6074763e09e/0032/theta,0
5d07a8d5-1fed-47ef-8bb7-a6074763e09e/0000/r,0
5d07a8d5-1fed-47ef-8bb7-a6074763e09e/0000/theta,0
6cc9eaa6-ab67-4102-b088-4ab6efa2af6e/0026/r,0
6cc9eaa6-ab67-4102-b088-4ab6efa2af6e/0026/theta,0
d441b25e-dd7d-46c2-895d-2510bcbd207d/0008/r,0
d441b25e-dd7d-46c2-895d-2510bcbd207d/0008/theta,0
87e9e215-a030-476d-ac5f-f1f4d06ac0c9/0066/r,0
87e9e215-a030-476d-ac5f-f1f4d06ac0c9/0066/theta,0
7363cba9-9fbb-4fd2-8c07-e46bed2e1f33/0017/r,0
7363cba9-9fbb-4fd2-8c07-e46bed2e1f33/0017/theta,0
d441b25e-dd7d-46c2-895d-2510bcbd207d/0028/r,0
d441b25e-dd7d-46c2-895d-2510bcbd207d/0028/theta,0
eccfbc47-1e2f-4754-9fa7-4f56903cd13d/0025/r,0
eccfbc47-1e2f-4754-9fa7-4f56903cd13d/0025/theta,0
5d07a8d5-1fed-47ef-8bb7-a6074763e09e/0048/r,0
5d07a8d5-1fed-47ef-8bb7-a6074763e09e/0048/theta,0
aa3e1716-992d-48a6-9b2b-1abef589b301/0018/r,0
aa3e1716-992d-48a6-9b2b-1abef589b301/0018/theta,0
0382f411-9b8a-47dc-bd88-eac8245a28ee/0045/r,0
0382f411-9b8a-47dc-bd88-eac8245a28ee/0045/theta,0
f8b71ebf-da9e-408f-a080-6a972365160b/0008/r,0
f8b71ebf-da9e-408f-a080-6a972365160b/0008/theta,0
6662fdd2-4512-4fce-84b0-717edcd5f54c/0024/r,0
6662fdd2-4512-4fce-84b0-717edcd5f54c/0024/theta,0
f8e9737c-639e-433f-8f28-2d7660d63181/0022/r,0
f8e9737c-639e-433f-8f28-2d7660d63181/0022/theta,0
6662fdd2-4512-4fce-84b0-717edcd5f54c/0003/r,0
6662fdd2-4512-4fce-84b0-717edcd5f54c/0003/theta,0
f231aa86-53f9-4ddf-b163-0bb421b5c1b1/0002/r,0
f231aa86-53f9-4ddf-b163-0bb421b5c1b1/0002/theta,0
4819ef9e-e93e-479b-a613-dca8f9be3d45/0000/r,0
4819ef9e-e93e-479b-a613-dca8f9be3d45/0000/theta,0
59f19071-a9b1-4de8-b7fd-2a862d2ae674/0018/r,0
59f19071-a9b1-4de8-b7fd-2a862d2ae674/0018/theta,0
6cc9eaa6-ab67-4102-b088-4ab6efa2af6e/0001/r,0
6cc9eaa6-ab67-4102-b088-4ab6efa2af6e/0001/theta,0
d441b25e-dd7d-46c2-895d-2510bcbd207d/0046/r,0
d441b25e-dd7d-46c2-895d-2510bcbd207d/0046/theta,0
0213ada8-e776-4404-9312-c264153c57c1/0008/r,0
0213ada8-e776-4404-9312-c264153c57c1/0008/theta,0
05ccd11f-9082-4273-aefa-f8386f9ac125/0055/r,0
05ccd11f-9082-4273-aefa-f8386f9ac125/0055/theta,0
94df467e-76d8-42c3-b45d-dcebf6131998/0008/r,0
94df467e-76d8-42c3-b45d-dcebf6131998/0008/theta,0
aa3e1716-992d-48a6-9b2b-1abef589b301/0007/r,0
aa3e1716-992d-48a6-9b2b-1abef589b301/0007/theta,0
0213ada8-e776-4404-9312-c264153c57c1/0007/r,0
0213ada8-e776-4404-9312-c264153c57c1/0007/theta,0
561f3498-8181-4eca-bfda-5f3d61ba76ef/0004/r,0
561f3498-8181-4eca-bfda-5f3d61ba76ef/0004/theta,0
4b19b5e5-260b-4fbc-83c2-f24eeacdcc64/0022/r,0
4b19b5e5-260b-4fbc-83c2-f24eeacdcc64/0022/theta,0
ee2d1ee9-dd1d-4e63-9881-19205c5dae27/0072/r,0
ee2d1ee9-dd1d-4e63-9881-19205c5dae27/0072/theta,0
0213ada8-e776-4404-9312-c264153c57c1/0020/r,0
0213ada8-e776-4404-9312-c264153c57c1/0020/theta,0
6662fdd2-4512-4fce-84b0-717edcd5f54c/0054/r,0
6662fdd2-4512-4fce-84b0-717edcd5f54c/0054/theta,0
ee2d1ee9-dd1d-4e63-9881-19205c5dae27/0058/r,0
ee2d1ee9-dd1d-4e63-9881-19205c5dae27/0058/theta,0
6cc9eaa6-ab67-4102-b088-4ab6efa2af6e/0036/r,0
6cc9eaa6-ab67-4102-b088-4ab6efa2af6e/0036/theta,0
eccfbc47-1e2f-4754-9fa7-4f56903cd13d/0020/r,0
eccfbc47-1e2f-4754-9fa7-4f56903cd13d/0020/theta,0
59f19071-a9b1-4de8-b7fd-2a862d2ae674/0003/r,0
59f19071-a9b1-4de8-b7fd-2a862d2ae674/0003/theta,0
030a2430-5503-47c8-87df-8df226c188b2/0054/r,0
030a2430-5503-47c8-87df-8df226c188b2/0054/theta,0
030a2430-5503-47c8-87df-8df226c188b2/0057/r,0
030a2430-5503-47c8-87df-8df226c188b2/0057/theta,0
7363cba9-9fbb-4fd2-8c07-e46bed2e1f33/0015/r,0
7363cba9-9fbb-4fd2-8c07-e46bed2e1f33/0015/theta,0
561f3498-8181-4eca-bfda-5f3d61ba76ef/0012/r,0
561f3498-8181-4eca-bfda-5f3d61ba76ef/0012/theta,0
87e9e215-a030-476d-ac5f-f1f4d06ac0c9/0057/r,0
87e9e215-a030-476d-ac5f-f1f4d06ac0c9/0057/theta,0
bc97d88d-8c86-4653-86a5-4597485ce018/0020/r,0
bc97d88d-8c86-4653-86a5-4597485ce018/0020/theta,0
21466ee9-c1b6-4699-afcc-84128f8d0b1e/0020/r,0
21466ee9-c1b6-4699-afcc-84128f8d0b1e/0020/theta,0
0213ada8-e776-4404-9312-c264153c57c1/0032/r,0
0213ada8-e776-4404-9312-c264153c57c1/0032/theta,0
6cd404eb-1c36-4bde-b9b1-24b39b2c715f/0019/r,0
6cd404eb-1c36-4bde-b9b1-24b39b2c715f/0019/theta,0
aa3e1716-992d-48a6-9b2b-1abef589b301/0015/r,0
aa3e1716-992d-48a6-9b2b-1abef589b301/0015/theta,0
21466ee9-c1b6-4699-afcc-84128f8d0b1e/0036/r,0
21466ee9-c1b6-4699-afcc-84128f8d0b1e/0036/theta,0
58e8bf48-c131-42fb-b5f6-f63e6dc09483/0006/r,0
58e8bf48-c131-42fb-b5f6-f63e6dc09483/0006/theta,0
4b19b5e5-260b-4fbc-83c2-f24eeacdcc64/0008/r,0
4b19b5e5-260b-4fbc-83c2-f24eeacdcc64/0008/theta,0
f8b71ebf-da9e-408f-a080-6a972365160b/0040/r,0
f8b71ebf-da9e-408f-a080-6a972365160b/0040/theta,0
aa3e1716-992d-48a6-9b2b-1abef589b301/0014/r,0
aa3e1716-992d-48a6-9b2b-1abef589b301/0014/theta,0
ee2d1ee9-dd1d-4e63-9881-19205c5dae27/0064/r,0
ee2d1ee9-dd1d-4e63-9881-19205c5dae27/0064/theta,0
8cfc1ad6-6b03-40bc-8f6e-4215a6741bc3/0000/r,0
8cfc1ad6-6b03-40bc-8f6e-4215a6741bc3/0000/theta,0
c6efa238-f063-407a-9f5c-81bb9983302e/0011/r,0
c6efa238-f063-407a-9f5c-81bb9983302e/0011/theta,0
a7300ae2-80c6-4a3f-ab9c-9f88f5299b67/0017/r,0
a7300ae2-80c6-4a3f-ab9c-9f88f5299b67/0017/theta,0
75aeccb7-a82d-4013-9962-e9c9039c264d/0021/r,0
75aeccb7-a82d-4013-9962-e9c9039c264d/0021/theta,0
8fbecc89-51bb-4569-93b3-15a163050cfc/0002/r,0
8fbecc89-51bb-4569-93b3-15a163050cfc/0002/theta,0
0382f411-9b8a-47dc-bd88-eac8245a28ee/0030/r,0
0382f411-9b8a-47dc-bd88-eac8245a28ee/0030/theta,0
77d40a22-9c26-4258-a3cc-a92789bd692e/0019/r,0
77d40a22-9c26-4258-a3cc-a92789bd692e/0019/theta,0
21466ee9-c1b6-4699-afcc-84128f8d0b1e/0002/r,0
21466ee9-c1b6-4699-afcc-84128f8d0b1e/0002/theta,0
c6efa238-f063-407a-9f5c-81bb9983302e/0008/r,0
c6efa238-f063-407a-9f5c-81bb9983302e/0008/theta,0
0213ada8-e776-4404-9312-c264153c57c1/0049/r,0
0213ada8-e776-4404-9312-c264153c57c1/0049/theta,0
ec1672b2-15ee-4dcb-a6a0-1f524a1977d4/0013/r,0
ec1672b2-15ee-4dcb-a6a0-1f524a1977d4/0013/theta,0
f7641633-c393-4115-9278-0d9b4dbf391b/0045/r,0
f7641633-c393-4115-9278-0d9b4dbf391b/0045/theta,0
0382f411-9b8a-47dc-bd88-eac8245a28ee/0011/r,0
0382f411-9b8a-47dc-bd88-eac8245a28ee/0011/theta,0
55bfa58c-415e-443e-aaa0-c6716f66f780/0042/r,0
55bfa58c-415e-443e-aaa0-c6716f66f780/0042/theta,0
6662fdd2-4512-4fce-84b0-717edcd5f54c/0012/r,0
6662fdd2-4512-4fce-84b0-717edcd5f54c/0012/theta,0
e8bd0d0d-7332-4698-a425-05be2697d3a5/0003/r,0
e8bd0d0d-7332-4698-a425-05be2697d3a5/0003/theta,0
87e9e215-a030-476d-ac5f-f1f4d06ac0c9/0011/r,0
87e9e215-a030-476d-ac5f-f1f4d06ac0c9/0011/theta,0
59f19071-a9b1-4de8-b7fd-2a862d2ae674/0016/r,0
59f19071-a9b1-4de8-b7fd-2a862d2ae674/0016/theta,0
6662fdd2-4512-4fce-84b0-717edcd5f54c/0022/r,0
6662fdd2-4512-4fce-84b0-717edcd5f54c/0022/theta,0
fdf23cc5-6850-4507-996e-3e75cec90b5f/0005/r,0
fdf23cc5-6850-4507-996e-3e75cec90b5f/0005/theta,0
561f3498-8181-4eca-bfda-5f3d61ba76ef/0020/r,0
561f3498-8181-4eca-bfda-5f3d61ba76ef/0020/theta,0
59f19071-a9b1-4de8-b7fd-2a862d2ae674/0004/r,0
59f19071-a9b1-4de8-b7fd-2a862d2ae674/0004/theta,0
f7641633-c393-4115-9278-0d9b4dbf391b/0020/r,0
f7641633-c393-4115-9278-0d9b4dbf391b/0020/theta,0
6cc9eaa6-ab67-4102-b088-4ab6efa2af6e/0031/r,0
6cc9eaa6-ab67-4102-b088-4ab6efa2af6e/0031/theta,0
ec1672b2-15ee-4dcb-a6a0-1f524a1977d4/0014/r,0
ec1672b2-15ee-4dcb-a6a0-1f524a1977d4/0014/theta,0
0213ada8-e776-4404-9312-c264153c57c1/0009/r,0
0213ada8-e776-4404-9312-c264153c57c1/0009/theta,0
0213ada8-e776-4404-9312-c264153c57c1/0005/r,0
0213ada8-e776-4404-9312-c264153c57c1/0005/theta,0
a7300ae2-80c6-4a3f-ab9c-9f88f5299b67/0016/r,0
a7300ae2-80c6-4a3f-ab9c-9f88f5299b67/0016/theta,0
b89ca3c0-b361-43f8-b261-ab7eabe8eabf/0003/r,0
b89ca3c0-b361-43f8-b261-ab7eabe8eabf/0003/theta,0
eccfbc47-1e2f-4754-9fa7-4f56903cd13d/0005/r,0
eccfbc47-1e2f-4754-9fa7-4f56903cd13d/0005/theta,0
6662fdd2-4512-4fce-84b0-717edcd5f54c/0065/r,0
6662fdd2-4512-4fce-84b0-717edcd5f54c/0065/theta,0
6662fdd2-4512-4fce-84b0-717edcd5f54c/0005/r,0
6662fdd2-4512-4fce-84b0-717edcd5f54c/0005/theta,0
aa3e1716-992d-48a6-9b2b-1abef589b301/0009/r,0
aa3e1716-992d-48a6-9b2b-1abef589b301/0009/theta,0
ee2d1ee9-dd1d-4e63-9881-19205c5dae27/0031/r,0
ee2d1ee9-dd1d-4e63-9881-19205c5dae27/0031/theta,0
4819ef9e-e93e-479b-a613-dca8f9be3d45/0004/r,0
4819ef9e-e93e-479b-a613-dca8f9be3d45/0004/theta,0
5d07a8d5-1fed-47ef-8bb7-a6074763e09e/0004/r,0
5d07a8d5-1fed-47ef-8bb7-a6074763e09e/0004/theta,0
ec1672b2-15ee-4dcb-a6a0-1f524a1977d4/0006/r,0
ec1672b2-15ee-4dcb-a6a0-1f524a1977d4/0006/theta,0
87e9e215-a030-476d-ac5f-f1f4d06ac0c9/0063/r,0
87e9e215-a030-476d-ac5f-f1f4d06ac0c9/0063/theta,0
561f3498-8181-4eca-bfda-5f3d61ba76ef/0036/r,0
561f3498-8181-4eca-bfda-5f3d61ba76ef/0036/theta,0
7363cba9-9fbb-4fd2-8c07-e46bed2e1f33/0021/r,0
7363cba9-9fbb-4fd2-8c07-e46bed2e1f33/0021/theta,0
0213ada8-e776-4404-9312-c264153c57c1/0048/r,0
0213ada8-e776-4404-9312-c264153c57c1/0048/theta,0
5d07a8d5-1fed-47ef-8bb7-a6074763e09e/0011/r,0
5d07a8d5-1fed-47ef-8bb7-a6074763e09e/0011/theta,0
0382f411-9b8a-47dc-bd88-eac8245a28ee/0055/r,0
0382f411-9b8a-47dc-bd88-eac8245a28ee/0055/theta,0
21466ee9-c1b6-4699-afcc-84128f8d0b1e/0023/r,0
21466ee9-c1b6-4699-afcc-84128f8d0b1e/0023/theta,0
94835623-ca6c-4ac4-82d4-0e63c1b7c16a/0030/r,0
94835623-ca6c-4ac4-82d4-0e63c1b7c16a/0030/theta,0
cfb2daae-611b-4b73-9084-6dbf68c8343d/0008/r,0
cfb2daae-611b-4b73-9084-6dbf68c8343d/0008/theta,0
fdf23cc5-6850-4507-996e-3e75cec90b5f/0004/r,0
fdf23cc5-6850-4507-996e-3e75cec90b5f/0004/theta,0
6cc9eaa6-ab67-4102-b088-4ab6efa2af6e/0033/r,0
6cc9eaa6-ab67-4102-b088-4ab6efa2af6e/0033/theta,0
f8b71ebf-da9e-408f-a080-6a972365160b/0001/r,0
f8b71ebf-da9e-408f-a080-6a972365160b/0001/theta,0
030a2430-5503-47c8-87df-8df226c188b2/0063/r,0
030a2430-5503-47c8-87df-8df226c188b2/0063/theta,0
f7641633-c393-4115-9278-0d9b4dbf391b/0026/r,0
f7641633-c393-4115-9278-0d9b4dbf391b/0026/theta,0
33258271-d00b-47bb-a09a-4db79a4717e0/0020/r,0
33258271-d00b-47bb-a09a-4db79a4717e0/0020/theta,0
75aeccb7-a82d-4013-9962-e9c9039c264d/0022/r,0
75aeccb7-a82d-4013-9962-e9c9039c264d/0022/theta,0
75aeccb7-a82d-4013-9962-e9c9039c264d/0013/r,0
75aeccb7-a82d-4013-9962-e9c9039c264d/0013/theta,0
21466ee9-c1b6-4699-afcc-84128f8d0b1e/0008/r,0
21466ee9-c1b6-4699-afcc-84128f8d0b1e/0008/theta,0
94df467e-76d8-42c3-b45d-dcebf6131998/0011/r,0
94df467e-76d8-42c3-b45d-dcebf6131998/0011/theta,0
43125b79-258a-42c8-8572-fcad85e3c3be/0002/r,0
43125b79-258a-42c8-8572-fcad85e3c3be/0002/theta,0
c6efa238-f063-407a-9f5c-81bb9983302e/0019/r,0
c6efa238-f063-407a-9f5c-81bb9983302e/0019/theta,0
f8e9737c-639e-433f-8f28-2d7660d63181/0039/r,0
f8e9737c-639e-433f-8f28-2d7660d63181/0039/theta,0
6662fdd2-4512-4fce-84b0-717edcd5f54c/0052/r,0
6662fdd2-4512-4fce-84b0-717edcd5f54c/0052/theta,0
94df467e-76d8-42c3-b45d-dcebf6131998/0009/r,0
94df467e-76d8-42c3-b45d-dcebf6131998/0009/theta,0
030a2430-5503-47c8-87df-8df226c188b2/0015/r,0
030a2430-5503-47c8-87df-8df226c188b2/0015/theta,0
c8f59cc1-94da-4419-9946-8b1e4a42bbcd/0014/r,0
c8f59cc1-94da-4419-9946-8b1e4a42bbcd/0014/theta,0
4bdadb60-87ad-4a69-92a0-8d99e2fe3a51/0000/r,0
4bdadb60-87ad-4a69-92a0-8d99e2fe3a51/0000/theta,0
eccfbc47-1e2f-4754-9fa7-4f56903cd13d/0010/r,0
eccfbc47-1e2f-4754-9fa7-4f56903cd13d/0010/theta,0
f8e9737c-639e-433f-8f28-2d7660d63181/0007/r,0
f8e9737c-639e-433f-8f28-2d7660d63181/0007/theta,0
561f3498-8181-4eca-bfda-5f3d61ba76ef/0003/r,0
561f3498-8181-4eca-bfda-5f3d61ba76ef/0003/theta,0
5d07a8d5-1fed-47ef-8bb7-a6074763e09e/0026/r,0
5d07a8d5-1fed-47ef-8bb7-a6074763e09e/0026/theta,0
75aeccb7-a82d-4013-9962-e9c9039c264d/0005/r,0
75aeccb7-a82d-4013-9962-e9c9039c264d/0005/theta,0
87e9e215-a030-476d-ac5f-f1f4d06ac0c9/0067/r,0
87e9e215-a030-476d-ac5f-f1f4d06ac0c9/0067/theta,0
87e9e215-a030-476d-ac5f-f1f4d06ac0c9/0018/r,0
87e9e215-a030-476d-ac5f-f1f4d06ac0c9/0018/theta,0
77d40a22-9c26-4258-a3cc-a92789bd692e/0015/r,0
77d40a22-9c26-4258-a3cc-a92789bd692e/0015/theta,0
ee2d1ee9-dd1d-4e63-9881-19205c5dae27/0061/r,0
ee2d1ee9-dd1d-4e63-9881-19205c5dae27/0061/theta,0
c6efa238-f063-407a-9f5c-81bb9983302e/0006/r,0
c6efa238-f063-407a-9f5c-81bb9983302e/0006/theta,0
94835623-ca6c-4ac4-82d4-0e63c1b7c16a/0025/r,0
94835623-ca6c-4ac4-82d4-0e63c1b7c16a/0025/theta,0
561f3498-8181-4eca-bfda-5f3d61ba76ef/0029/r,0
561f3498-8181-4eca-bfda-5f3d61ba76ef/0029/theta,0
6cd404eb-1c36-4bde-b9b1-24b39b2c715f/0006/r,0
6cd404eb-1c36-4bde-b9b1-24b39b2c715f/0006/theta,0
9d602547-bdf8-45e3-9b16-81c6fe9338e4/0002/r,0
9d602547-bdf8-45e3-9b16-81c6fe9338e4/0002/theta,0
0382f411-9b8a-47dc-bd88-eac8245a28ee/0002/r,0
0382f411-9b8a-47dc-bd88-eac8245a28ee/0002/theta,0
75aeccb7-a82d-4013-9962-e9c9039c264d/0025/r,0
75aeccb7-a82d-4013-9962-e9c9039c264d/0025/theta,0
9777f121-d32a-4eba-ad84-7b1b579d9f32/0032/r,0
9777f121-d32a-4eba-ad84-7b1b579d9f32/0032/theta,0
21466ee9-c1b6-4699-afcc-84128f8d0b1e/0028/r,0
21466ee9-c1b6-4699-afcc-84128f8d0b1e/0028/theta,0
58e8bf48-c131-42fb-b5f6-f63e6dc09483/0003/r,0
58e8bf48-c131-42fb-b5f6-f63e6dc09483/0003/theta,0
55bfa58c-415e-443e-aaa0-c6716f66f780/0035/r,0
55bfa58c-415e-443e-aaa0-c6716f66f780/0035/theta,0
561f3498-8181-4eca-bfda-5f3d61ba76ef/0005/r,0
561f3498-8181-4eca-bfda-5f3d61ba76ef/0005/theta,0
268e7603-8bb4-4909-ad83-2962513382d4/0007/r,0
268e7603-8bb4-4909-ad83-2962513382d4/0007/theta,0
030a2430-5503-47c8-87df-8df226c188b2/0016/r,0
030a2430-5503-47c8-87df-8df226c188b2/0016/theta,0
77d40a22-9c26-4258-a3cc-a92789bd692e/0017/r,0
77d40a22-9c26-4258-a3cc-a92789bd692e/0017/theta,0
9777f121-d32a-4eba-ad84-7b1b579d9f32/0018/r,0
9777f121-d32a-4eba-ad84-7b1b579d9f32/0018/theta,0
cfb2daae-611b-4b73-9084-6dbf68c8343d/0002/r,0
cfb2daae-611b-4b73-9084-6dbf68c8343d/0002/theta,0
77d40a22-9c26-4258-a3cc-a92789bd692e/0016/r,0
77d40a22-9c26-4258-a3cc-a92789bd692e/0016/theta,0
561f3498-8181-4eca-bfda-5f3d61ba76ef/0015/r,0
561f3498-8181-4eca-bfda-5f3d61ba76ef/0015/theta,0
94835623-ca6c-4ac4-82d4-0e63c1b7c16a/0020/r,0
94835623-ca6c-4ac4-82d4-0e63c1b7c16a/0020/theta,0
d441b25e-dd7d-46c2-895d-2510bcbd207d/0041/r,0
d441b25e-dd7d-46c2-895d-2510bcbd207d/0041/theta,0
5d07a8d5-1fed-47ef-8bb7-a6074763e09e/0008/r,0
5d07a8d5-1fed-47ef-8bb7-a6074763e09e/0008/theta,0
268e7603-8bb4-4909-ad83-2962513382d4/0018/r,0
268e7603-8bb4-4909-ad83-2962513382d4/0018/theta,0
77d40a22-9c26-4258-a3cc-a92789bd692e/0007/r,0
77d40a22-9c26-4258-a3cc-a92789bd692e/0007/theta,0
2b0b4d7d-2d10-46c6-b81d-6a7ec08ad6a9/0002/r,0
2b0b4d7d-2d10-46c6-b81d-6a7ec08ad6a9/0002/theta,0
c8f59cc1-94da-4419-9946-8b1e4a42bbcd/0005/r,0
c8f59cc1-94da-4419-9946-8b1e4a42bbcd/0005/theta,0
0382f411-9b8a-47dc-bd88-eac8245a28ee/0061/r,0
0382f411-9b8a-47dc-bd88-eac8245a28ee/0061/theta,0
0382f411-9b8a-47dc-bd88-eac8245a28ee/0044/r,0
0382f411-9b8a-47dc-bd88-eac8245a28ee/0044/theta,0
55bfa58c-415e-443e-aaa0-c6716f66f780/0021/r,0
55bfa58c-415e-443e-aaa0-c6716f66f780/0021/theta,0
ee2d1ee9-dd1d-4e63-9881-19205c5dae27/0051/r,0
ee2d1ee9-dd1d-4e63-9881-19205c5dae27/0051/theta,0
030a2430-5503-47c8-87df-8df226c188b2/0008/r,0
030a2430-5503-47c8-87df-8df226c188b2/0008/theta,0
f231aa86-53f9-4ddf-b163-0bb421b5c1b1/0004/r,0
f231aa86-53f9-4ddf-b163-0bb421b5c1b1/0004/theta,0
030a2430-5503-47c8-87df-8df226c188b2/0059/r,0
030a2430-5503-47c8-87df-8df226c188b2/0059/theta,0
87e9e215-a030-476d-ac5f-f1f4d06ac0c9/0060/r,0
87e9e215-a030-476d-ac5f-f1f4d06ac0c9/0060/theta,0
94835623-ca6c-4ac4-82d4-0e63c1b7c16a/0000/r,0
94835623-ca6c-4ac4-82d4-0e63c1b7c16a/0000/theta,0
1d954255-b8d3-42f4-9e47-2cc32c4cb5ce/0021/r,0
1d954255-b8d3-42f4-9e47-2cc32c4cb5ce/0021/theta,0
6cc9eaa6-ab67-4102-b088-4ab6efa2af6e/0039/r,0
6cc9eaa6-ab67-4102-b088-4ab6efa2af6e/0039/theta,0
c8f59cc1-94da-4419-9946-8b1e4a42bbcd/0016/r,0
c8f59cc1-94da-4419-9946-8b1e4a42bbcd/0016/theta,0
6cc9eaa6-ab67-4102-b088-4ab6efa2af6e/0034/r,0
6cc9eaa6-ab67-4102-b088-4ab6efa2af6e/0034/theta,0
ec1672b2-15ee-4dcb-a6a0-1f524a1977d4/0018/r,0
ec1672b2-15ee-4dcb-a6a0-1f524a1977d4/0018/theta,0
33258271-d00b-47bb-a09a-4db79a4717e0/0024/r,0
33258271-d00b-47bb-a09a-4db79a4717e0/0024/theta,0
fdf23cc5-6850-4507-996e-3e75cec90b5f/0000/r,0
fdf23cc5-6850-4507-996e-3e75cec90b5f/0000/theta,0
43125b79-258a-42c8-8572-fcad85e3c3be/0015/r,0
43125b79-258a-42c8-8572-fcad85e3c3be/0015/theta,0
9777f121-d32a-4eba-ad84-7b1b579d9f32/0006/r,0
9777f121-d32a-4eba-ad84-7b1b579d9f32/0006/theta,0
5d07a8d5-1fed-47ef-8bb7-a6074763e09e/0014/r,0
5d07a8d5-1fed-47ef-8bb7-a6074763e09e/0014/theta,0
1d954255-b8d3-42f4-9e47-2cc32c4cb5ce/0008/r,0
1d954255-b8d3-42f4-9e47-2cc32c4cb5ce/0008/theta,0
4bdadb60-87ad-4a69-92a0-8d99e2fe3a51/0011/r,0
4bdadb60-87ad-4a69-92a0-8d99e2fe3a51/0011/theta,0
6cd404eb-1c36-4bde-b9b1-24b39b2c715f/0020/r,0
6cd404eb-1c36-4bde-b9b1-24b39b2c715f/0020/theta,0
6662fdd2-4512-4fce-84b0-717edcd5f54c/0020/r,0
6662fdd2-4512-4fce-84b0-717edcd5f54c/0020/theta,0
ee2d1ee9-dd1d-4e63-9881-19205c5dae27/0050/r,0
ee2d1ee9-dd1d-4e63-9881-19205c5dae27/0050/theta,0
cfb2daae-611b-4b73-9084-6dbf68c8343d/0009/r,0
cfb2daae-611b-4b73-9084-6dbf68c8343d/0009/theta,0
21466ee9-c1b6-4699-afcc-84128f8d0b1e/0019/r,0
21466ee9-c1b6-4699-afcc-84128f8d0b1e/0019/theta,0
94835623-ca6c-4ac4-82d4-0e63c1b7c16a/0007/r,0
94835623-ca6c-4ac4-82d4-0e63c1b7c16a/0007/theta,0
05ccd11f-9082-4273-aefa-f8386f9ac125/0016/r,0
05ccd11f-9082-4273-aefa-f8386f9ac125/0016/theta,0
fdf23cc5-6850-4507-996e-3e75cec90b5f/0016/r,0
fdf23cc5-6850-4507-996e-3e75cec90b5f/0016/theta,0
4bdadb60-87ad-4a69-92a0-8d99e2fe3a51/0015/r,0
4bdadb60-87ad-4a69-92a0-8d99e2fe3a51/0015/theta,0
43125b79-258a-42c8-8572-fcad85e3c3be/0014/r,0
43125b79-258a-42c8-8572-fcad85e3c3be/0014/theta,0
ee2d1ee9-dd1d-4e63-9881-19205c5dae27/0067/r,0
ee2d1ee9-dd1d-4e63-9881-19205c5dae27/0067/theta,0
21466ee9-c1b6-4699-afcc-84128f8d0b1e/0014/r,0
21466ee9-c1b6-4699-afcc-84128f8d0b1e/0014/theta,0
6662fdd2-4512-4fce-84b0-717edcd5f54c/0019/r,0
6662fdd2-4512-4fce-84b0-717edcd5f54c/0019/theta,0
561f3498-8181-4eca-bfda-5f3d61ba76ef/0000/r,0
561f3498-8181-4eca-bfda-5f3d61ba76ef/0000/theta,0
d441b25e-dd7d-46c2-895d-2510bcbd207d/0038/r,0
d441b25e-dd7d-46c2-895d-2510bcbd207d/0038/theta,0
030a2430-5503-47c8-87df-8df226c188b2/0052/r,0
030a2430-5503-47c8-87df-8df226c188b2/0052/theta,0
0382f411-9b8a-47dc-bd88-eac8245a28ee/0026/r,0
0382f411-9b8a-47dc-bd88-eac8245a28ee/0026/theta,0
ee2d1ee9-dd1d-4e63-9881-19205c5dae27/0034/r,0
ee2d1ee9-dd1d-4e63-9881-19205c5dae27/0034/theta,0
94df467e-76d8-42c3-b45d-dcebf6131998/0022/r,0
94df467e-76d8-42c3-b45d-dcebf6131998/0022/theta,0
87e9e215-a030-476d-ac5f-f1f4d06ac0c9/0009/r,0
87e9e215-a030-476d-ac5f-f1f4d06ac0c9/0009/theta,0
f8b71ebf-da9e-408f-a080-6a972365160b/0029/r,0
f8b71ebf-da9e-408f-a080-6a972365160b/0029/theta,0
d441b25e-dd7d-46c2-895d-2510bcbd207d/0015/r,0
d441b25e-dd7d-46c2-895d-2510bcbd207d/0015/theta,0
8cfc1ad6-6b03-40bc-8f6e-4215a6741bc3/0005/r,0
8cfc1ad6-6b03-40bc-8f6e-4215a6741bc3/0005/theta,0
0382f411-9b8a-47dc-bd88-eac8245a28ee/0013/r,0
0382f411-9b8a-47dc-bd88-eac8245a28ee/0013/theta,0
fdf23cc5-6850-4507-996e-3e75cec90b5f/0011/r,0
fdf23cc5-6850-4507-996e-3e75cec90b5f/0011/theta,0
7363cba9-9fbb-4fd2-8c07-e46bed2e1f33/0020/r,0
7363cba9-9fbb-4fd2-8c07-e46bed2e1f33/0020/theta,0
6cc9eaa6-ab67-4102-b088-4ab6efa2af6e/0035/r,0
6cc9eaa6-ab67-4102-b088-4ab6efa2af6e/0035/theta,0
561f3498-8181-4eca-bfda-5f3d61ba76ef/0024/r,0
561f3498-8181-4eca-bfda-5f3d61ba76ef/0024/theta,0
c8f59cc1-94da-4419-9946-8b1e4a42bbcd/0007/r,0
c8f59cc1-94da-4419-9946-8b1e4a42bbcd/0007/theta,0
77d40a22-9c26-4258-a3cc-a92789bd692e/0000/r,0
77d40a22-9c26-4258-a3cc-a92789bd692e/0000/theta,0
cfb2daae-611b-4b73-9084-6dbf68c8343d/0012/r,0
cfb2daae-611b-4b73-9084-6dbf68c8343d/0012/theta,0
9d602547-bdf8-45e3-9b16-81c6fe9338e4/0000/r,0
9d602547-bdf8-45e3-9b16-81c6fe9338e4/0000/theta,0
f8b71ebf-da9e-408f-a080-6a972365160b/0014/r,0
f8b71ebf-da9e-408f-a080-6a972365160b/0014/theta,0
ec1672b2-15ee-4dcb-a6a0-1f524a1977d4/0000/r,0
ec1672b2-15ee-4dcb-a6a0-1f524a1977d4/0000/theta,0
ec1672b2-15ee-4dcb-a6a0-1f524a1977d4/0008/r,0
ec1672b2-15ee-4dcb-a6a0-1f524a1977d4/0008/theta,0
bc97d88d-8c86-4653-86a5-4597485ce018/0004/r,0
bc97d88d-8c86-4653-86a5-4597485ce018/0004/theta,0
268e7603-8bb4-4909-ad83-2962513382d4/0009/r,0
268e7603-8bb4-4909-ad83-2962513382d4/0009/theta,0
a7300ae2-80c6-4a3f-ab9c-9f88f5299b67/0018/r,0
a7300ae2-80c6-4a3f-ab9c-9f88f5299b67/0018/theta,0
77d40a22-9c26-4258-a3cc-a92789bd692e/0038/r,0
77d40a22-9c26-4258-a3cc-a92789bd692e/0038/theta,0
0213ada8-e776-4404-9312-c264153c57c1/0033/r,0
0213ada8-e776-4404-9312-c264153c57c1/0033/theta,0
55bfa58c-415e-443e-aaa0-c6716f66f780/0019/r,0
55bfa58c-415e-443e-aaa0-c6716f66f780/0019/theta,0
55bfa58c-415e-443e-aaa0-c6716f66f780/0053/r,0
55bfa58c-415e-443e-aaa0-c6716f66f780/0053/theta,0
f8e9737c-639e-433f-8f28-2d7660d63181/0002/r,0
f8e9737c-639e-433f-8f28-2d7660d63181/0002/theta,0
05ccd11f-9082-4273-aefa-f8386f9ac125/0019/r,0
05ccd11f-9082-4273-aefa-f8386f9ac125/0019/theta,0
55bfa58c-415e-443e-aaa0-c6716f66f780/0041/r,0
55bfa58c-415e-443e-aaa0-c6716f66f780/0041/theta,0
268e7603-8bb4-4909-ad83-2962513382d4/0022/r,0
268e7603-8bb4-4909-ad83-2962513382d4/0022/theta,0
77d40a22-9c26-4258-a3cc-a92789bd692e/0045/r,0
77d40a22-9c26-4258-a3cc-a92789bd692e/0045/theta,0
6cc9eaa6-ab67-4102-b088-4ab6efa2af6e/0015/r,0
6cc9eaa6-ab67-4102-b088-4ab6efa2af6e/0015/theta,0
d441b25e-dd7d-46c2-895d-2510bcbd207d/0019/r,0
d441b25e-dd7d-46c2-895d-2510bcbd207d/0019/theta,0
aa3e1716-992d-48a6-9b2b-1abef589b301/0025/r,0
aa3e1716-992d-48a6-9b2b-1abef589b301/0025/theta,0
59f19071-a9b1-4de8-b7fd-2a862d2ae674/0007/r,0
59f19071-a9b1-4de8-b7fd-2a862d2ae674/0007/theta,0
87e9e215-a030-476d-ac5f-f1f4d06ac0c9/0049/r,0
87e9e215-a030-476d-ac5f-f1f4d06ac0c9/0049/theta,0
f14dd492-2b02-43e0-8716-e03e090cbc64/0012/r,0
f14dd492-2b02-43e0-8716-e03e090cbc64/0012/theta,0
2b0b4d7d-2d10-46c6-b81d-6a7ec08ad6a9/0008/r,0
2b0b4d7d-2d10-46c6-b81d-6a7ec08ad6a9/0008/theta,0
87e9e215-a030-476d-ac5f-f1f4d06ac0c9/0001/r,0
87e9e215-a030-476d-ac5f-f1f4d06ac0c9/0001/theta,0
6cc9eaa6-ab67-4102-b088-4ab6efa2af6e/0037/r,0
6cc9eaa6-ab67-4102-b088-4ab6efa2af6e/0037/theta,0
e8bd0d0d-7332-4698-a425-05be2697d3a5/0016/r,0
e8bd0d0d-7332-4698-a425-05be2697d3a5/0016/theta,0
9777f121-d32a-4eba-ad84-7b1b579d9f32/0005/r,0
9777f121-d32a-4eba-ad84-7b1b579d9f32/0005/theta,0
6662fdd2-4512-4fce-84b0-717edcd5f54c/0023/r,0
6662fdd2-4512-4fce-84b0-717edcd5f54c/0023/theta,0
1d954255-b8d3-42f4-9e47-2cc32c4cb5ce/0035/r,0
1d954255-b8d3-42f4-9e47-2cc32c4cb5ce/0035/theta,0
0213ada8-e776-4404-9312-c264153c57c1/0051/r,0
0213ada8-e776-4404-9312-c264153c57c1/0051/theta,0
a7300ae2-80c6-4a3f-ab9c-9f88f5299b67/0000/r,0
a7300ae2-80c6-4a3f-ab9c-9f88f5299b67/0000/theta,0
1d954255-b8d3-42f4-9e47-2cc32c4cb5ce/0032/r,0
1d954255-b8d3-42f4-9e47-2cc32c4cb5ce/0032/theta,0
7363cba9-9fbb-4fd2-8c07-e46bed2e1f33/0011/r,0
7363cba9-9fbb-4fd2-8c07-e46bed2e1f33/0011/theta,0
59f19071-a9b1-4de8-b7fd-2a862d2ae674/0039/r,0
59f19071-a9b1-4de8-b7fd-2a862d2ae674/0039/theta,0
55bfa58c-415e-443e-aaa0-c6716f66f780/0049/r,0
55bfa58c-415e-443e-aaa0-c6716f66f780/0049/theta,0
597b5172-e412-4827-9b78-6b3585569148/0000/r,0
597b5172-e412-4827-9b78-6b3585569148/0000/theta,0
eccfbc47-1e2f-4754-9fa7-4f56903cd13d/0006/r,0
eccfbc47-1e2f-4754-9fa7-4f56903cd13d/0006/theta,0
75aeccb7-a82d-4013-9962-e9c9039c264d/0019/r,0
75aeccb7-a82d-4013-9962-e9c9039c264d/0019/theta,0
f231aa86-53f9-4ddf-b163-0bb421b5c1b1/0022/r,0
f231aa86-53f9-4ddf-b163-0bb421b5c1b1/0022/theta,0
f14dd492-2b02-43e0-8716-e03e090cbc64/0009/r,0
f14dd492-2b02-43e0-8716-e03e090cbc64/0009/theta,0
05ccd11f-9082-4273-aefa-f8386f9ac125/0044/r,0
05ccd11f-9082-4273-aefa-f8386f9ac125/0044/theta,0
59f19071-a9b1-4de8-b7fd-2a862d2ae674/0006/r,0
59f19071-a9b1-4de8-b7fd-2a862d2ae674/0006/theta,0
21466ee9-c1b6-4699-afcc-84128f8d0b1e/0039/r,0
21466ee9-c1b6-4699-afcc-84128f8d0b1e/0039/theta,0
6662fdd2-4512-4fce-84b0-717edcd5f54c/0002/r,0
6662fdd2-4512-4fce-84b0-717edcd5f54c/0002/theta,0
5d07a8d5-1fed-47ef-8bb7-a6074763e09e/0029/r,0
5d07a8d5-1fed-47ef-8bb7-a6074763e09e/0029/theta,0
77d40a22-9c26-4258-a3cc-a92789bd692e/0028/r,0
77d40a22-9c26-4258-a3cc-a92789bd692e/0028/theta,0
5d07a8d5-1fed-47ef-8bb7-a6074763e09e/0012/r,0
5d07a8d5-1fed-47ef-8bb7-a6074763e09e/0012/theta,0
d441b25e-dd7d-46c2-895d-2510bcbd207d/0037/r,0
d441b25e-dd7d-46c2-895d-2510bcbd207d/0037/theta,0
5d07a8d5-1fed-47ef-8bb7-a6074763e09e/0047/r,0
5d07a8d5-1fed-47ef-8bb7-a6074763e09e/0047/theta,0
55bfa58c-415e-443e-aaa0-c6716f66f780/0052/r,0
55bfa58c-415e-443e-aaa0-c6716f66f780/0052/theta,0
0382f411-9b8a-47dc-bd88-eac8245a28ee/0004/r,0
0382f411-9b8a-47dc-bd88-eac8245a28ee/0004/theta,0
ee2d1ee9-dd1d-4e63-9881-19205c5dae27/0039/r,0
ee2d1ee9-dd1d-4e63-9881-19205c5dae27/0039/theta,0
87e9e215-a030-476d-ac5f-f1f4d06ac0c9/0051/r,0
87e9e215-a030-476d-ac5f-f1f4d06ac0c9/0051/theta,0
2b0b4d7d-2d10-46c6-b81d-6a7ec08ad6a9/0015/r,0
2b0b4d7d-2d10-46c6-b81d-6a7ec08ad6a9/0015/theta,0
4bdadb60-87ad-4a69-92a0-8d99e2fe3a51/0003/r,0
4bdadb60-87ad-4a69-92a0-8d99e2fe3a51/0003/theta,0
fdf23cc5-6850-4507-996e-3e75cec90b5f/0009/r,0
fdf23cc5-6850-4507-996e-3e75cec90b5f/0009/theta,0
77d40a22-9c26-4258-a3cc-a92789bd692e/0009/r,0
77d40a22-9c26-4258-a3cc-a92789bd692e/0009/theta,0
59f19071-a9b1-4de8-b7fd-2a862d2ae674/0012/r,0
59f19071-a9b1-4de8-b7fd-2a862d2ae674/0012/theta,0
4b19b5e5-260b-4fbc-83c2-f24eeacdcc64/0004/r,0
4b19b5e5-260b-4fbc-83c2-f24eeacdcc64/0004/theta,0
f14dd492-2b02-43e0-8716-e03e090cbc64/0004/r,0
f14dd492-2b02-43e0-8716-e03e090cbc64/0004/theta,0
aa3e1716-992d-48a6-9b2b-1abef589b301/0024/r,0
aa3e1716-992d-48a6-9b2b-1abef589b301/0024/theta,0
f7641633-c393-4115-9278-0d9b4dbf391b/0003/r,0
f7641633-c393-4115-9278-0d9b4dbf391b/0003/theta,0
21466ee9-c1b6-4699-afcc-84128f8d0b1e/0015/r,0
21466ee9-c1b6-4699-afcc-84128f8d0b1e/0015/theta,0
6662fdd2-4512-4fce-84b0-717edcd5f54c/0010/r,0
6662fdd2-4512-4fce-84b0-717edcd5f54c/0010/theta,0
0382f411-9b8a-47dc-bd88-eac8245a28ee/0014/r,0
0382f411-9b8a-47dc-bd88-eac8245a28ee/0014/theta,0
ec1672b2-15ee-4dcb-a6a0-1f524a1977d4/0030/r,0
ec1672b2-15ee-4dcb-a6a0-1f524a1977d4/0030/theta,0
6662fdd2-4512-4fce-84b0-717edcd5f54c/0006/r,0
6662fdd2-4512-4fce-84b0-717edcd5f54c/0006/theta,0
94835623-ca6c-4ac4-82d4-0e63c1b7c16a/0018/r,0
94835623-ca6c-4ac4-82d4-0e63c1b7c16a/0018/theta,0
ee2d1ee9-dd1d-4e63-9881-19205c5dae27/0001/r,0
ee2d1ee9-dd1d-4e63-9881-19205c5dae27/0001/theta,0
f14dd492-2b02-43e0-8716-e03e090cbc64/0007/r,0
f14dd492-2b02-43e0-8716-e03e090cbc64/0007/theta,0
43125b79-258a-42c8-8572-fcad85e3c3be/0004/r,0
43125b79-258a-42c8-8572-fcad85e3c3be/0004/theta,0
94835623-ca6c-4ac4-82d4-0e63c1b7c16a/0026/r,0
94835623-ca6c-4ac4-82d4-0e63c1b7c16a/0026/theta,0
ee2d1ee9-dd1d-4e63-9881-19205c5dae27/0074/r,0
ee2d1ee9-dd1d-4e63-9881-19205c5dae27/0074/theta,0
f8e9737c-639e-433f-8f28-2d7660d63181/0004/r,0
f8e9737c-639e-433f-8f28-2d7660d63181/0004/theta,0
43125b79-258a-42c8-8572-fcad85e3c3be/0013/r,0
43125b79-258a-42c8-8572-fcad85e3c3be/0013/theta,0
77d40a22-9c26-4258-a3cc-a92789bd692e/0013/r,0
77d40a22-9c26-4258-a3cc-a92789bd692e/0013/theta,0
6662fdd2-4512-4fce-84b0-717edcd5f54c/0055/r,0
6662fdd2-4512-4fce-84b0-717edcd5f54c/0055/theta,0
f8e9737c-639e-433f-8f28-2d7660d63181/0009/r,0
f8e9737c-639e-433f-8f28-2d7660d63181/0009/theta,0
bc97d88d-8c86-4653-86a5-4597485ce018/0010/r,0
bc97d88d-8c86-4653-86a5-4597485ce018/0010/theta,0
f7641633-c393-4115-9278-0d9b4dbf391b/0032/r,0
f7641633-c393-4115-9278-0d9b4dbf391b/0032/theta,0
59f19071-a9b1-4de8-b7fd-2a862d2ae674/0002/r,0
59f19071-a9b1-4de8-b7fd-2a862d2ae674/0002/theta,0
6cc9eaa6-ab67-4102-b088-4ab6efa2af6e/0044/r,0
6cc9eaa6-ab67-4102-b088-4ab6efa2af6e/0044/theta,0
ee2d1ee9-dd1d-4e63-9881-19205c5dae27/0062/r,0
ee2d1ee9-dd1d-4e63-9881-19205c5dae27/0062/theta,0
9777f121-d32a-4eba-ad84-7b1b579d9f32/0026/r,0
9777f121-d32a-4eba-ad84-7b1b579d9f32/0026/theta,0
561f3498-8181-4eca-bfda-5f3d61ba76ef/0027/r,0
561f3498-8181-4eca-bfda-5f3d61ba76ef/0027/theta,0
21466ee9-c1b6-4699-afcc-84128f8d0b1e/0004/r,0
21466ee9-c1b6-4699-afcc-84128f8d0b1e/0004/theta,0
eccfbc47-1e2f-4754-9fa7-4f56903cd13d/0019/r,0
eccfbc47-1e2f-4754-9fa7-4f56903cd13d/0019/theta,0
d441b25e-dd7d-46c2-895d-2510bcbd207d/0035/r,0
d441b25e-dd7d-46c2-895d-2510bcbd207d/0035/theta,0
5d07a8d5-1fed-47ef-8bb7-a6074763e09e/0009/r,0
5d07a8d5-1fed-47ef-8bb7-a6074763e09e/0009/theta,0
87e9e215-a030-476d-ac5f-f1f4d06ac0c9/0048/r,0
87e9e215-a030-476d-ac5f-f1f4d06ac0c9/0048/theta,0
f14dd492-2b02-43e0-8716-e03e090cbc64/0000/r,0
f14dd492-2b02-43e0-8716-e03e090cbc64/0000/theta,0
94df467e-76d8-42c3-b45d-dcebf6131998/0007/r,0
94df467e-76d8-42c3-b45d-dcebf6131998/0007/theta,0
fdf23cc5-6850-4507-996e-3e75cec90b5f/0042/r,0
fdf23cc5-6850-4507-996e-3e75cec90b5f/0042/theta,0
6cd404eb-1c36-4bde-b9b1-24b39b2c715f/0009/r,0
6cd404eb-1c36-4bde-b9b1-24b39b2c715f/0009/theta,0
aa3e1716-992d-48a6-9b2b-1abef589b301/0021/r,0
aa3e1716-992d-48a6-9b2b-1abef589b301/0021/theta,0
ec1672b2-15ee-4dcb-a6a0-1f524a1977d4/0017/r,0
ec1672b2-15ee-4dcb-a6a0-1f524a1977d4/0017/theta,0
43125b79-258a-42c8-8572-fcad85e3c3be/0001/r,0
43125b79-258a-42c8-8572-fcad85e3c3be/0001/theta,0
bc97d88d-8c86-4653-86a5-4597485ce018/0014/r,0
bc97d88d-8c86-4653-86a5-4597485ce018/0014/theta,0
b89ca3c0-b361-43f8-b261-ab7eabe8eabf/0011/r,0
b89ca3c0-b361-43f8-b261-ab7eabe8eabf/0011/theta,0
f8e9737c-639e-433f-8f28-2d7660d63181/0048/r,0
f8e9737c-639e-433f-8f28-2d7660d63181/0048/theta,0
0213ada8-e776-4404-9312-c264153c57c1/0001/r,0
0213ada8-e776-4404-9312-c264153c57c1/0001/theta,0
94df467e-76d8-42c3-b45d-dcebf6131998/0006/r,0
94df467e-76d8-42c3-b45d-dcebf6131998/0006/theta,0
1d954255-b8d3-42f4-9e47-2cc32c4cb5ce/0010/r,0
1d954255-b8d3-42f4-9e47-2cc32c4cb5ce/0010/theta,0
77d40a22-9c26-4258-a3cc-a92789bd692e/0005/r,0
77d40a22-9c26-4258-a3cc-a92789bd692e/0005/theta,0
05ccd11f-9082-4273-aefa-f8386f9ac125/0002/r,0
05ccd11f-9082-4273-aefa-f8386f9ac125/0002/theta,0
597b5172-e412-4827-9b78-6b3585569148/0001/r,0
597b5172-e412-4827-9b78-6b3585569148/0001/theta,0
f231aa86-53f9-4ddf-b163-0bb421b5c1b1/0028/r,0
f231aa86-53f9-4ddf-b163-0bb421b5c1b1/0028/theta,0
ec1672b2-15ee-4dcb-a6a0-1f524a1977d4/0020/r,0
ec1672b2-15ee-4dcb-a6a0-1f524a1977d4/0020/theta,0
f8b71ebf-da9e-408f-a080-6a972365160b/0028/r,0
f8b71ebf-da9e-408f-a080-6a972365160b/0028/theta,0
55bfa58c-415e-443e-aaa0-c6716f66f780/0013/r,0
55bfa58c-415e-443e-aaa0-c6716f66f780/0013/theta,0
21466ee9-c1b6-4699-afcc-84128f8d0b1e/0012/r,0
21466ee9-c1b6-4699-afcc-84128f8d0b1e/0012/theta,0
1d954255-b8d3-42f4-9e47-2cc32c4cb5ce/0012/r,0
1d954255-b8d3-42f4-9e47-2cc32c4cb5ce/0012/theta,0
4b19b5e5-260b-4fbc-83c2-f24eeacdcc64/0019/r,0
4b19b5e5-260b-4fbc-83c2-f24eeacdcc64/0019/theta,0
55bfa58c-415e-443e-aaa0-c6716f66f780/0040/r,0
55bfa58c-415e-443e-aaa0-c6716f66f780/0040/theta,0
4819ef9e-e93e-479b-a613-dca8f9be3d45/0007/r,0
4819ef9e-e93e-479b-a613-dca8f9be3d45/0007/theta,0
77d40a22-9c26-4258-a3cc-a92789bd692e/0020/r,0
77d40a22-9c26-4258-a3cc-a92789bd692e/0020/theta,0
21466ee9-c1b6-4699-afcc-84128f8d0b1e/0040/r,0
21466ee9-c1b6-4699-afcc-84128f8d0b1e/0040/theta,0
ec1672b2-15ee-4dcb-a6a0-1f524a1977d4/0019/r,0
ec1672b2-15ee-4dcb-a6a0-1f524a1977d4/0019/theta,0
6662fdd2-4512-4fce-84b0-717edcd5f54c/0008/r,0
6662fdd2-4512-4fce-84b0-717edcd5f54c/0008/theta,0
c6efa238-f063-407a-9f5c-81bb9983302e/0012/r,0
c6efa238-f063-407a-9f5c-81bb9983302e/0012/theta,0
55bfa58c-415e-443e-aaa0-c6716f66f780/0050/r,0
55bfa58c-415e-443e-aaa0-c6716f66f780/0050/theta,0
fdf23cc5-6850-4507-996e-3e75cec90b5f/0027/r,0
fdf23cc5-6850-4507-996e-3e75cec90b5f/0027/theta,0
5d07a8d5-1fed-47ef-8bb7-a6074763e09e/0006/r,0
5d07a8d5-1fed-47ef-8bb7-a6074763e09e/0006/theta,0
43125b79-258a-42c8-8572-fcad85e3c3be/0019/r,0
43125b79-258a-42c8-8572-fcad85e3c3be/0019/theta,0
94df467e-76d8-42c3-b45d-dcebf6131998/0013/r,0
94df467e-76d8-42c3-b45d-dcebf6131998/0013/theta,0
1d954255-b8d3-42f4-9e47-2cc32c4cb5ce/0036/r,0
1d954255-b8d3-42f4-9e47-2cc32c4cb5ce/0036/theta,0
9d602547-bdf8-45e3-9b16-81c6fe9338e4/0005/r,0
9d602547-bdf8-45e3-9b16-81c6fe9338e4/0005/theta,0
eccfbc47-1e2f-4754-9fa7-4f56903cd13d/0029/r,0
eccfbc47-1e2f-4754-9fa7-4f56903cd13d/0029/theta,0
94df467e-76d8-42c3-b45d-dcebf6131998/0016/r,0
94df467e-76d8-42c3-b45d-dcebf6131998/0016/theta,0
d441b25e-dd7d-46c2-895d-2510bcbd207d/0012/r,0
d441b25e-dd7d-46c2-895d-2510bcbd207d/0012/theta,0
e8bd0d0d-7332-4698-a425-05be2697d3a5/0005/r,0
e8bd0d0d-7332-4698-a425-05be2697d3a5/0005/theta,0
fdf23cc5-6850-4507-996e-3e75cec90b5f/0033/r,0
fdf23cc5-6850-4507-996e-3e75cec90b5f/0033/theta,0
d441b25e-dd7d-46c2-895d-2510bcbd207d/0007/r,0
d441b25e-dd7d-46c2-895d-2510bcbd207d/0007/theta,0
c6efa238-f063-407a-9f5c-81bb9983302e/0002/r,0
c6efa238-f063-407a-9f5c-81bb9983302e/0002/theta,0
1d954255-b8d3-42f4-9e47-2cc32c4cb5ce/0015/r,0
1d954255-b8d3-42f4-9e47-2cc32c4cb5ce/0015/theta,0
1d954255-b8d3-42f4-9e47-2cc32c4cb5ce/0034/r,0
1d954255-b8d3-42f4-9e47-2cc32c4cb5ce/0034/theta,0
1d954255-b8d3-42f4-9e47-2cc32c4cb5ce/0000/r,0
1d954255-b8d3-42f4-9e47-2cc32c4cb5ce/0000/theta,0
5d07a8d5-1fed-47ef-8bb7-a6074763e09e/0013/r,0
5d07a8d5-1fed-47ef-8bb7-a6074763e09e/0013/theta,0
030a2430-5503-47c8-87df-8df226c188b2/0029/r,0
030a2430-5503-47c8-87df-8df226c188b2/0029/theta,0
94835623-ca6c-4ac4-82d4-0e63c1b7c16a/0014/r,0
94835623-ca6c-4ac4-82d4-0e63c1b7c16a/0014/theta,0
fdf23cc5-6850-4507-996e-3e75cec90b5f/0006/r,0
fdf23cc5-6850-4507-996e-3e75cec90b5f/0006/theta,0
55bfa58c-415e-443e-aaa0-c6716f66f780/0024/r,0
55bfa58c-415e-443e-aaa0-c6716f66f780/0024/theta,0
7363cba9-9fbb-4fd2-8c07-e46bed2e1f33/0012/r,0
7363cba9-9fbb-4fd2-8c07-e46bed2e1f33/0012/theta,0
94df467e-76d8-42c3-b45d-dcebf6131998/0002/r,0
94df467e-76d8-42c3-b45d-dcebf6131998/0002/theta,0
6662fdd2-4512-4fce-84b0-717edcd5f54c/0044/r,0
6662fdd2-4512-4fce-84b0-717edcd5f54c/0044/theta,0
ee2d1ee9-dd1d-4e63-9881-19205c5dae27/0029/r,0
ee2d1ee9-dd1d-4e63-9881-19205c5dae27/0029/theta,0
6662fdd2-4512-4fce-84b0-717edcd5f54c/0034/r,0
6662fdd2-4512-4fce-84b0-717edcd5f54c/0034/theta,0
6cc9eaa6-ab67-4102-b088-4ab6efa2af6e/0007/r,0
6cc9eaa6-ab67-4102-b088-4ab6efa2af6e/0007/theta,0
1d954255-b8d3-42f4-9e47-2cc32c4cb5ce/0004/r,0
1d954255-b8d3-42f4-9e47-2cc32c4cb5ce/0004/theta,0
87e9e215-a030-476d-ac5f-f1f4d06ac0c9/0020/r,0
87e9e215-a030-476d-ac5f-f1f4d06ac0c9/0020/theta,0
d441b25e-dd7d-46c2-895d-2510bcbd207d/0061/r,0
d441b25e-dd7d-46c2-895d-2510bcbd207d/0061/theta,0
21466ee9-c1b6-4699-afcc-84128f8d0b1e/0007/r,0
21466ee9-c1b6-4699-afcc-84128f8d0b1e/0007/theta,0
87e9e215-a030-476d-ac5f-f1f4d06ac0c9/0025/r,0
87e9e215-a030-476d-ac5f-f1f4d06ac0c9/0025/theta,0
f8b71ebf-da9e-408f-a080-6a972365160b/0039/r,0
f8b71ebf-da9e-408f-a080-6a972365160b/0039/theta,0
f231aa86-53f9-4ddf-b163-0bb421b5c1b1/0003/r,0
f231aa86-53f9-4ddf-b163-0bb421b5c1b1/0003/theta,0
cfb2daae-611b-4b73-9084-6dbf68c8343d/0011/r,0
cfb2daae-611b-4b73-9084-6dbf68c8343d/0011/theta,0
4b19b5e5-260b-4fbc-83c2-f24eeacdcc64/0023/r,0
4b19b5e5-260b-4fbc-83c2-f24eeacdcc64/0023/theta,0
ec1672b2-15ee-4dcb-a6a0-1f524a1977d4/0035/r,0
ec1672b2-15ee-4dcb-a6a0-1f524a1977d4/0035/theta,0
268e7603-8bb4-4909-ad83-2962513382d4/0040/r,0
268e7603-8bb4-4909-ad83-2962513382d4/0040/theta,0
ec1672b2-15ee-4dcb-a6a0-1f524a1977d4/0015/r,0
ec1672b2-15ee-4dcb-a6a0-1f524a1977d4/0015/theta,0
ee2d1ee9-dd1d-4e63-9881-19205c5dae27/0004/r,0
ee2d1ee9-dd1d-4e63-9881-19205c5dae27/0004/theta,0
c6efa238-f063-407a-9f5c-81bb9983302e/0015/r,0
c6efa238-f063-407a-9f5c-81bb9983302e/0015/theta,0
75aeccb7-a82d-4013-9962-e9c9039c264d/0024/r,0
75aeccb7-a82d-4013-9962-e9c9039c264d/0024/theta,0
75aeccb7-a82d-4013-9962-e9c9039c264d/0020/r,0
75aeccb7-a82d-4013-9962-e9c9039c264d/0020/theta,0
ee2d1ee9-dd1d-4e63-9881-19205c5dae27/0069/r,0
ee2d1ee9-dd1d-4e63-9881-19205c5dae27/0069/theta,0
5d07a8d5-1fed-47ef-8bb7-a6074763e09e/0003/r,0
5d07a8d5-1fed-47ef-8bb7-a6074763e09e/0003/theta,0
87e9e215-a030-476d-ac5f-f1f4d06ac0c9/0002/r,0
87e9e215-a030-476d-ac5f-f1f4d06ac0c9/0002/theta,0
030a2430-5503-47c8-87df-8df226c188b2/0075/r,0
030a2430-5503-47c8-87df-8df226c188b2/0075/theta,0
6662fdd2-4512-4fce-84b0-717edcd5f54c/0045/r,0
6662fdd2-4512-4fce-84b0-717edcd5f54c/0045/theta,0
e8bd0d0d-7332-4698-a425-05be2697d3a5/0008/r,0
e8bd0d0d-7332-4698-a425-05be2697d3a5/0008/theta,0
ee2d1ee9-dd1d-4e63-9881-19205c5dae27/0056/r,0
ee2d1ee9-dd1d-4e63-9881-19205c5dae27/0056/theta,0
6cd404eb-1c36-4bde-b9b1-24b39b2c715f/0005/r,0
6cd404eb-1c36-4bde-b9b1-24b39b2c715f/0005/theta,0
b89ca3c0-b361-43f8-b261-ab7eabe8eabf/0001/r,0
b89ca3c0-b361-43f8-b261-ab7eabe8eabf/0001/theta,0
0213ada8-e776-4404-9312-c264153c57c1/0019/r,0
0213ada8-e776-4404-9312-c264153c57c1/0019/theta,0
030a2430-5503-47c8-87df-8df226c188b2/0065/r,0
030a2430-5503-47c8-87df-8df226c188b2/0065/theta,0
21466ee9-c1b6-4699-afcc-84128f8d0b1e/0035/r,0
21466ee9-c1b6-4699-afcc-84128f8d0b1e/0035/theta,0
ee2d1ee9-dd1d-4e63-9881-19205c5dae27/0042/r,0
ee2d1ee9-dd1d-4e63-9881-19205c5dae27/0042/theta,0
6d479b33-7b8d-4ec8-8fdf-6d58127c633b/0001/r,0
6d479b33-7b8d-4ec8-8fdf-6d58127c633b/0001/theta,0
b89ca3c0-b361-43f8-b261-ab7eabe8eabf/0006/r,0
b89ca3c0-b361-43f8-b261-ab7eabe8eabf/0006/theta,0
5d07a8d5-1fed-47ef-8bb7-a6074763e09e/0010/r,0
5d07a8d5-1fed-47ef-8bb7-a6074763e09e/0010/theta,0
f14dd492-2b02-43e0-8716-e03e090cbc64/0001/r,0
f14dd492-2b02-43e0-8716-e03e090cbc64/0001/theta,0
f7641633-c393-4115-9278-0d9b4dbf391b/0041/r,0
f7641633-c393-4115-9278-0d9b4dbf391b/0041/theta,0
05ccd11f-9082-4273-aefa-f8386f9ac125/0010/r,0
05ccd11f-9082-4273-aefa-f8386f9ac125/0010/theta,0
87e9e215-a030-476d-ac5f-f1f4d06ac0c9/0054/r,0
87e9e215-a030-476d-ac5f-f1f4d06ac0c9/0054/theta,0
55bfa58c-415e-443e-aaa0-c6716f66f780/0016/r,0
55bfa58c-415e-443e-aaa0-c6716f66f780/0016/theta,0
77d40a22-9c26-4258-a3cc-a92789bd692e/0002/r,0
77d40a22-9c26-4258-a3cc-a92789bd692e/0002/theta,0
030a2430-5503-47c8-87df-8df226c188b2/0064/r,0
030a2430-5503-47c8-87df-8df226c188b2/0064/theta,0
75aeccb7-a82d-4013-9962-e9c9039c264d/0033/r,0
75aeccb7-a82d-4013-9962-e9c9039c264d/0033/theta,0
fdf23cc5-6850-4507-996e-3e75cec90b5f/0040/r,0
fdf23cc5-6850-4507-996e-3e75cec90b5f/0040/theta,0
bc97d88d-8c86-4653-86a5-4597485ce018/0013/r,0
bc97d88d-8c86-4653-86a5-4597485ce018/0013/theta,0
94df467e-76d8-42c3-b45d-dcebf6131998/0020/r,0
94df467e-76d8-42c3-b45d-dcebf6131998/0020/theta,0
fdf23cc5-6850-4507-996e-3e75cec90b5f/0013/r,0
fdf23cc5-6850-4507-996e-3e75cec90b5f/0013/theta,0
fdf23cc5-6850-4507-996e-3e75cec90b5f/0028/r,0
fdf23cc5-6850-4507-996e-3e75cec90b5f/0028/theta,0
87e9e215-a030-476d-ac5f-f1f4d06ac0c9/0034/r,0
87e9e215-a030-476d-ac5f-f1f4d06ac0c9/0034/theta,0
6cd404eb-1c36-4bde-b9b1-24b39b2c715f/0002/r,0
6cd404eb-1c36-4bde-b9b1-24b39b2c715f/0002/theta,0
33258271-d00b-47bb-a09a-4db79a4717e0/0009/r,0
33258271-d00b-47bb-a09a-4db79a4717e0/0009/theta,0
75aeccb7-a82d-4013-9962-e9c9039c264d/0001/r,0
75aeccb7-a82d-4013-9962-e9c9039c264d/0001/theta,0
4bdadb60-87ad-4a69-92a0-8d99e2fe3a51/0004/r,0
4bdadb60-87ad-4a69-92a0-8d99e2fe3a51/0004/theta,0
aa3e1716-992d-48a6-9b2b-1abef589b301/0020/r,0
aa3e1716-992d-48a6-9b2b-1abef589b301/0020/theta,0
6cc9eaa6-ab67-4102-b088-4ab6efa2af6e/0028/r,0
6cc9eaa6-ab67-4102-b088-4ab6efa2af6e/0028/theta,0
6cd404eb-1c36-4bde-b9b1-24b39b2c715f/0015/r,0
6cd404eb-1c36-4bde-b9b1-24b39b2c715f/0015/theta,0
1d954255-b8d3-42f4-9e47-2cc32c4cb5ce/0026/r,0
1d954255-b8d3-42f4-9e47-2cc32c4cb5ce/0026/theta,0
77d40a22-9c26-4258-a3cc-a92789bd692e/0001/r,0
77d40a22-9c26-4258-a3cc-a92789bd692e/0001/theta,0
05ccd11f-9082-4273-aefa-f8386f9ac125/0036/r,0
05ccd11f-9082-4273-aefa-f8386f9ac125/0036/theta,0
87e9e215-a030-476d-ac5f-f1f4d06ac0c9/0037/r,0
87e9e215-a030-476d-ac5f-f1f4d06ac0c9/0037/theta,0
6662fdd2-4512-4fce-84b0-717edcd5f54c/0046/r,0
6662fdd2-4512-4fce-84b0-717edcd5f54c/0046/theta,0
fdf23cc5-6850-4507-996e-3e75cec90b5f/0030/r,0
fdf23cc5-6850-4507-996e-3e75cec90b5f/0030/theta,0
ec1672b2-15ee-4dcb-a6a0-1f524a1977d4/0004/r,0
ec1672b2-15ee-4dcb-a6a0-1f524a1977d4/0004/theta,0
f8e9737c-639e-433f-8f28-2d7660d63181/0033/r,0
f8e9737c-639e-433f-8f28-2d7660d63181/0033/theta,0
6662fdd2-4512-4fce-84b0-717edcd5f54c/0043/r,0
6662fdd2-4512-4fce-84b0-717edcd5f54c/0043/theta,0
ec1672b2-15ee-4dcb-a6a0-1f524a1977d4/0028/r,0
ec1672b2-15ee-4dcb-a6a0-1f524a1977d4/0028/theta,0
9777f121-d32a-4eba-ad84-7b1b579d9f32/0030/r,0
9777f121-d32a-4eba-ad84-7b1b579d9f32/0030/theta,0
8cfc1ad6-6b03-40bc-8f6e-4215a6741bc3/0011/r,0
8cfc1ad6-6b03-40bc-8f6e-4215a6741bc3/0011/theta,0
0382f411-9b8a-47dc-bd88-eac8245a28ee/0025/r,0
0382f411-9b8a-47dc-bd88-eac8245a28ee/0025/theta,0
2b0b4d7d-2d10-46c6-b81d-6a7ec08ad6a9/0017/r,0
2b0b4d7d-2d10-46c6-b81d-6a7ec08ad6a9/0017/theta,0
f7641633-c393-4115-9278-0d9b4dbf391b/0046/r,0
f7641633-c393-4115-9278-0d9b4dbf391b/0046/theta,0
bc97d88d-8c86-4653-86a5-4597485ce018/0002/r,0
bc97d88d-8c86-4653-86a5-4597485ce018/0002/theta,0
030a2430-5503-47c8-87df-8df226c188b2/0053/r,0
030a2430-5503-47c8-87df-8df226c188b2/0053/theta,0
33258271-d00b-47bb-a09a-4db79a4717e0/0022/r,0
33258271-d00b-47bb-a09a-4db79a4717e0/0022/theta,0
ee2d1ee9-dd1d-4e63-9881-19205c5dae27/0005/r,0
ee2d1ee9-dd1d-4e63-9881-19205c5dae27/0005/theta,0
ec1672b2-15ee-4dcb-a6a0-1f524a1977d4/0022/r,0
ec1672b2-15ee-4dcb-a6a0-1f524a1977d4/0022/theta,0
0213ada8-e776-4404-9312-c264153c57c1/0025/r,0
0213ada8-e776-4404-9312-c264153c57c1/0025/theta,0
77d40a22-9c26-4258-a3cc-a92789bd692e/0039/r,0
77d40a22-9c26-4258-a3cc-a92789bd692e/0039/theta,0
4b19b5e5-260b-4fbc-83c2-f24eeacdcc64/0006/r,0
4b19b5e5-260b-4fbc-83c2-f24eeacdcc64/0006/theta,0
8cfc1ad6-6b03-40bc-8f6e-4215a6741bc3/0022/r,0
8cfc1ad6-6b03-40bc-8f6e-4215a6741bc3/0022/theta,0
6662fdd2-4512-4fce-84b0-717edcd5f54c/0001/r,0
6662fdd2-4512-4fce-84b0-717edcd5f54c/0001/theta,0
ee2d1ee9-dd1d-4e63-9881-19205c5dae27/0006/r,0
ee2d1ee9-dd1d-4e63-9881-19205c5dae27/0006/theta,0
0382f411-9b8a-47dc-bd88-eac8245a28ee/0034/r,0
0382f411-9b8a-47dc-bd88-eac8245a28ee/0034/theta,0
1d954255-b8d3-42f4-9e47-2cc32c4cb5ce/0002/r,0
1d954255-b8d3-42f4-9e47-2cc32c4cb5ce/0002/theta,0
cfb2daae-611b-4b73-9084-6dbf68c8343d/0003/r,0
cfb2daae-611b-4b73-9084-6dbf68c8343d/0003/theta,0
ee2d1ee9-dd1d-4e63-9881-19205c5dae27/0070/r,0
ee2d1ee9-dd1d-4e63-9881-19205c5dae27/0070/theta,0
c6efa238-f063-407a-9f5c-81bb9983302e/0005/r,0
c6efa238-f063-407a-9f5c-81bb9983302e/0005/theta,0
030a2430-5503-47c8-87df-8df226c188b2/0073/r,0
030a2430-5503-47c8-87df-8df226c188b2/0073/theta,0
9777f121-d32a-4eba-ad84-7b1b579d9f32/0024/r,0
9777f121-d32a-4eba-ad84-7b1b579d9f32/0024/theta,0
55bfa58c-415e-443e-aaa0-c6716f66f780/0055/r,0
55bfa58c-415e-443e-aaa0-c6716f66f780/0055/theta,0
33258271-d00b-47bb-a09a-4db79a4717e0/0007/r,0
33258271-d00b-47bb-a09a-4db79a4717e0/0007/theta,0
75aeccb7-a82d-4013-9962-e9c9039c264d/0032/r,0
75aeccb7-a82d-4013-9962-e9c9039c264d/0032/theta,0
f8e9737c-639e-433f-8f28-2d7660d63181/0023/r,0
f8e9737c-639e-433f-8f28-2d7660d63181/0023/theta,0
d441b25e-dd7d-46c2-895d-2510bcbd207d/0029/r,0
d441b25e-dd7d-46c2-895d-2510bcbd207d/0029/theta,0
2b0b4d7d-2d10-46c6-b81d-6a7ec08ad6a9/0013/r,0
2b0b4d7d-2d10-46c6-b81d-6a7ec08ad6a9/0013/theta,0
55bfa58c-415e-443e-aaa0-c6716f66f780/0008/r,0
55bfa58c-415e-443e-aaa0-c6716f66f780/0008/theta,0
030a2430-5503-47c8-87df-8df226c188b2/0032/r,0
030a2430-5503-47c8-87df-8df226c188b2/0032/theta,0
ee2d1ee9-dd1d-4e63-9881-19205c5dae27/0053/r,0
ee2d1ee9-dd1d-4e63-9881-19205c5dae27/0053/theta,0
6cc9eaa6-ab67-4102-b088-4ab6efa2af6e/0006/r,0
6cc9eaa6-ab67-4102-b088-4ab6efa2af6e/0006/theta,0
eccfbc47-1e2f-4754-9fa7-4f56903cd13d/0032/r,0
eccfbc47-1e2f-4754-9fa7-4f56903cd13d/0032/theta,0
030a2430-5503-47c8-87df-8df226c188b2/0076/r,0
030a2430-5503-47c8-87df-8df226c188b2/0076/theta,0
0382f411-9b8a-47dc-bd88-eac8245a28ee/0024/r,0
0382f411-9b8a-47dc-bd88-eac8245a28ee/0024/theta,0
9777f121-d32a-4eba-ad84-7b1b579d9f32/0010/r,0
9777f121-d32a-4eba-ad84-7b1b579d9f32/0010/theta,0
0382f411-9b8a-47dc-bd88-eac8245a28ee/0060/r,0
0382f411-9b8a-47dc-bd88-eac8245a28ee/0060/theta,0
58e8bf48-c131-42fb-b5f6-f63e6dc09483/0005/r,0
58e8bf48-c131-42fb-b5f6-f63e6dc09483/0005/theta,0
aa3e1716-992d-48a6-9b2b-1abef589b301/0012/r,0
aa3e1716-992d-48a6-9b2b-1abef589b301/0012/theta,0
fdf23cc5-6850-4507-996e-3e75cec90b5f/0018/r,0
fdf23cc5-6850-4507-996e-3e75cec90b5f/0018/theta,0
6662fdd2-4512-4fce-84b0-717edcd5f54c/0004/r,0
6662fdd2-4512-4fce-84b0-717edcd5f54c/0004/theta,0
d441b25e-dd7d-46c2-895d-2510bcbd207d/0024/r,0
d441b25e-dd7d-46c2-895d-2510bcbd207d/0024/theta,0
0382f411-9b8a-47dc-bd88-eac8245a28ee/0027/r,0
0382f411-9b8a-47dc-bd88-eac8245a28ee/0027/theta,0
c6efa238-f063-407a-9f5c-81bb9983302e/0010/r,0
c6efa238-f063-407a-9f5c-81bb9983302e/0010/theta,0
c8f59cc1-94da-4419-9946-8b1e4a42bbcd/0009/r,0
c8f59cc1-94da-4419-9946-8b1e4a42bbcd/0009/theta,0
55bfa58c-415e-443e-aaa0-c6716f66f780/0037/r,0
55bfa58c-415e-443e-aaa0-c6716f66f780/0037/theta,0
4bdadb60-87ad-4a69-92a0-8d99e2fe3a51/0013/r,0
4bdadb60-87ad-4a69-92a0-8d99e2fe3a51/0013/theta,0
eccfbc47-1e2f-4754-9fa7-4f56903cd13d/0040/r,0
eccfbc47-1e2f-4754-9fa7-4f56903cd13d/0040/theta,0
0213ada8-e776-4404-9312-c264153c57c1/0018/r,0
0213ada8-e776-4404-9312-c264153c57c1/0018/theta,0
ee2d1ee9-dd1d-4e63-9881-19205c5dae27/0037/r,0
ee2d1ee9-dd1d-4e63-9881-19205c5dae27/0037/theta,0
4b19b5e5-260b-4fbc-83c2-f24eeacdcc64/0014/r,0
4b19b5e5-260b-4fbc-83c2-f24eeacdcc64/0014/theta,0
c6efa238-f063-407a-9f5c-81bb9983302e/0014/r,0
c6efa238-f063-407a-9f5c-81bb9983302e/0014/theta,0
55bfa58c-415e-443e-aaa0-c6716f66f780/0012/r,0
55bfa58c-415e-443e-aaa0-c6716f66f780/0012/theta,0
f8b71ebf-da9e-408f-a080-6a972365160b/0010/r,0
f8b71ebf-da9e-408f-a080-6a972365160b/0010/theta,0
6662fdd2-4512-4fce-84b0-717edcd5f54c/0048/r,0
6662fdd2-4512-4fce-84b0-717edcd5f54c/0048/theta,0
0382f411-9b8a-47dc-bd88-eac8245a28ee/0039/r,0
0382f411-9b8a-47dc-bd88-eac8245a28ee/0039/theta,0
2b0b4d7d-2d10-46c6-b81d-6a7ec08ad6a9/0024/r,0
2b0b4d7d-2d10-46c6-b81d-6a7ec08ad6a9/0024/theta,0
f14dd492-2b02-43e0-8716-e03e090cbc64/0006/r,0
f14dd492-2b02-43e0-8716-e03e090cbc64/0006/theta,0
58e8bf48-c131-42fb-b5f6-f63e6dc09483/0004/r,0
58e8bf48-c131-42fb-b5f6-f63e6dc09483/0004/theta,0
21466ee9-c1b6-4699-afcc-84128f8d0b1e/0017/r,0
21466ee9-c1b6-4699-afcc-84128f8d0b1e/0017/theta,0
4b19b5e5-260b-4fbc-83c2-f24eeacdcc64/0013/r,0
4b19b5e5-260b-4fbc-83c2-f24eeacdcc64/0013/theta,0
a7300ae2-80c6-4a3f-ab9c-9f88f5299b67/0012/r,0
a7300ae2-80c6-4a3f-ab9c-9f88f5299b67/0012/theta,0
6cc9eaa6-ab67-4102-b088-4ab6efa2af6e/0019/r,0
6cc9eaa6-ab67-4102-b088-4ab6efa2af6e/0019/theta,0
87e9e215-a030-476d-ac5f-f1f4d06ac0c9/0023/r,0
87e9e215-a030-476d-ac5f-f1f4d06ac0c9/0023/theta,0
6cd404eb-1c36-4bde-b9b1-24b39b2c715f/0021/r,0
6cd404eb-1c36-4bde-b9b1-24b39b2c715f/0021/theta,0
bc97d88d-8c86-4653-86a5-4597485ce018/0018/r,0
bc97d88d-8c86-4653-86a5-4597485ce018/0018/theta,0
05ccd11f-9082-4273-aefa-f8386f9ac125/0039/r,0
05ccd11f-9082-4273-aefa-f8386f9ac125/0039/theta,0
77d40a22-9c26-4258-a3cc-a92789bd692e/0003/r,0
77d40a22-9c26-4258-a3cc-a92789bd692e/0003/theta,0
f7641633-c393-4115-9278-0d9b4dbf391b/0024/r,0
f7641633-c393-4115-9278-0d9b4dbf391b/0024/theta,0
0213ada8-e776-4404-9312-c264153c57c1/0022/r,0
0213ada8-e776-4404-9312-c264153c57c1/0022/theta,0
77d40a22-9c26-4258-a3cc-a92789bd692e/0034/r,0
77d40a22-9c26-4258-a3cc-a92789bd692e/0034/theta,0
a7300ae2-80c6-4a3f-ab9c-9f88f5299b67/0011/r,0
a7300ae2-80c6-4a3f-ab9c-9f88f5299b67/0011/theta,0
6662fdd2-4512-4fce-84b0-717edcd5f54c/0016/r,0
6662fdd2-4512-4fce-84b0-717edcd5f54c/0016/theta,0
f7641633-c393-4115-9278-0d9b4dbf391b/0002/r,0
f7641633-c393-4115-9278-0d9b4dbf391b/0002/theta,0
ec1672b2-15ee-4dcb-a6a0-1f524a1977d4/0003/r,0
ec1672b2-15ee-4dcb-a6a0-1f524a1977d4/0003/theta,0
75aeccb7-a82d-4013-9962-e9c9039c264d/0012/r,0
75aeccb7-a82d-4013-9962-e9c9039c264d/0012/theta,0
f231aa86-53f9-4ddf-b163-0bb421b5c1b1/0027/r,0
f231aa86-53f9-4ddf-b163-0bb421b5c1b1/0027/theta,0
1d954255-b8d3-42f4-9e47-2cc32c4cb5ce/0007/r,0
1d954255-b8d3-42f4-9e47-2cc32c4cb5ce/0007/theta,0
0213ada8-e776-4404-9312-c264153c57c1/0050/r,0
0213ada8-e776-4404-9312-c264153c57c1/0050/theta,0
0382f411-9b8a-47dc-bd88-eac8245a28ee/0038/r,0
0382f411-9b8a-47dc-bd88-eac8245a28ee/0038/theta,0
55bfa58c-415e-443e-aaa0-c6716f66f780/0048/r,0
55bfa58c-415e-443e-aaa0-c6716f66f780/0048/theta,0
4b19b5e5-260b-4fbc-83c2-f24eeacdcc64/0012/r,0
4b19b5e5-260b-4fbc-83c2-f24eeacdcc64/0012/theta,0
2b0b4d7d-2d10-46c6-b81d-6a7ec08ad6a9/0004/r,0
2b0b4d7d-2d10-46c6-b81d-6a7ec08ad6a9/0004/theta,0
561f3498-8181-4eca-bfda-5f3d61ba76ef/0021/r,0
561f3498-8181-4eca-bfda-5f3d61ba76ef/0021/theta,0
6cc9eaa6-ab67-4102-b088-4ab6efa2af6e/0005/r,0
6cc9eaa6-ab67-4102-b088-4ab6efa2af6e/0005/theta,0
59f19071-a9b1-4de8-b7fd-2a862d2ae674/0005/r,0
59f19071-a9b1-4de8-b7fd-2a862d2ae674/0005/theta,0
fdf23cc5-6850-4507-996e-3e75cec90b5f/0007/r,0
fdf23cc5-6850-4507-996e-3e75cec90b5f/0007/theta,0
43125b79-258a-42c8-8572-fcad85e3c3be/0017/r,0
43125b79-258a-42c8-8572-fcad85e3c3be/0017/theta,0
c6efa238-f063-407a-9f5c-81bb9983302e/0000/r,0
c6efa238-f063-407a-9f5c-81bb9983302e/0000/theta,0
c8f59cc1-94da-4419-9946-8b1e4a42bbcd/0002/r,0
c8f59cc1-94da-4419-9946-8b1e4a42bbcd/0002/theta,0
f7641633-c393-4115-9278-0d9b4dbf391b/0042/r,0
f7641633-c393-4115-9278-0d9b4dbf391b/0042/theta,0
0213ada8-e776-4404-9312-c264153c57c1/0016/r,0
0213ada8-e776-4404-9312-c264153c57c1/0016/theta,0
9777f121-d32a-4eba-ad84-7b1b579d9f32/0009/r,0
9777f121-d32a-4eba-ad84-7b1b579d9f32/0009/theta,0
21466ee9-c1b6-4699-afcc-84128f8d0b1e/0010/r,0
21466ee9-c1b6-4699-afcc-84128f8d0b1e/0010/theta,0
94df467e-76d8-42c3-b45d-dcebf6131998/0023/r,0
94df467e-76d8-42c3-b45d-dcebf6131998/0023/theta,0
55bfa58c-415e-443e-aaa0-c6716f66f780/0033/r,0
55bfa58c-415e-443e-aaa0-c6716f66f780/0033/theta,0
f8b71ebf-da9e-408f-a080-6a972365160b/0000/r,0
f8b71ebf-da9e-408f-a080-6a972365160b/0000/theta,0
87e9e215-a030-476d-ac5f-f1f4d06ac0c9/0012/r,0
87e9e215-a030-476d-ac5f-f1f4d06ac0c9/0012/theta,0
bc97d88d-8c86-4653-86a5-4597485ce018/0006/r,0
bc97d88d-8c86-4653-86a5-4597485ce018/0006/theta,0
eccfbc47-1e2f-4754-9fa7-4f56903cd13d/0017/r,0
eccfbc47-1e2f-4754-9fa7-4f56903cd13d/0017/theta,0
f8e9737c-639e-433f-8f28-2d7660d63181/0045/r,0
f8e9737c-639e-433f-8f28-2d7660d63181/0045/theta,0
05ccd11f-9082-4273-aefa-f8386f9ac125/0040/r,0
05ccd11f-9082-4273-aefa-f8386f9ac125/0040/theta,0
87e9e215-a030-476d-ac5f-f1f4d06ac0c9/0022/r,0
87e9e215-a030-476d-ac5f-f1f4d06ac0c9/0022/theta,0
4b19b5e5-260b-4fbc-83c2-f24eeacdcc64/0001/r,0
4b19b5e5-260b-4fbc-83c2-f24eeacdcc64/0001/theta,0
9d602547-bdf8-45e3-9b16-81c6fe9338e4/0001/r,0
9d602547-bdf8-45e3-9b16-81c6fe9338e4/0001/theta,0
5d07a8d5-1fed-47ef-8bb7-a6074763e09e/0018/r,0
5d07a8d5-1fed-47ef-8bb7-a6074763e09e/0018/theta,0
94835623-ca6c-4ac4-82d4-0e63c1b7c16a/0021/r,0
94835623-ca6c-4ac4-82d4-0e63c1b7c16a/0021/theta,0
030a2430-5503-47c8-87df-8df226c188b2/0014/r,0
030a2430-5503-47c8-87df-8df226c188b2/0014/theta,0
75aeccb7-a82d-4013-9962-e9c9039c264d/0031/r,0
75aeccb7-a82d-4013-9962-e9c9039c264d/0031/theta,0
f8b71ebf-da9e-408f-a080-6a972365160b/0004/r,0
f8b71ebf-da9e-408f-a080-6a972365160b/0004/theta,0
c6efa238-f063-407a-9f5c-81bb9983302e/0009/r,0
c6efa238-f063-407a-9f5c-81bb9983302e/0009/theta,0
55bfa58c-415e-443e-aaa0-c6716f66f780/0020/r,0
55bfa58c-415e-443e-aaa0-c6716f66f780/0020/theta,0
75aeccb7-a82d-4013-9962-e9c9039c264d/0023/r,0
75aeccb7-a82d-4013-9962-e9c9039c264d/0023/theta,0
030a2430-5503-47c8-87df-8df226c188b2/0070/r,0
030a2430-5503-47c8-87df-8df226c188b2/0070/theta,0
030a2430-5503-47c8-87df-8df226c188b2/0017/r,0
030a2430-5503-47c8-87df-8df226c188b2/0017/theta,0
eccfbc47-1e2f-4754-9fa7-4f56903cd13d/0015/r,0
eccfbc47-1e2f-4754-9fa7-4f56903cd13d/0015/theta,0
0382f411-9b8a-47dc-bd88-eac8245a28ee/0021/r,0
0382f411-9b8a-47dc-bd88-eac8245a28ee/0021/theta,0
030a2430-5503-47c8-87df-8df226c188b2/0069/r,0
030a2430-5503-47c8-87df-8df226c188b2/0069/theta,0
55bfa58c-415e-443e-aaa0-c6716f66f780/0022/r,0
55bfa58c-415e-443e-aaa0-c6716f66f780/0022/theta,0
030a2430-5503-47c8-87df-8df226c188b2/0068/r,0
030a2430-5503-47c8-87df-8df226c188b2/0068/theta,0
030a2430-5503-47c8-87df-8df226c188b2/0055/r,0
030a2430-5503-47c8-87df-8df226c188b2/0055/theta,0
f7641633-c393-4115-9278-0d9b4dbf391b/0025/r,0
f7641633-c393-4115-9278-0d9b4dbf391b/0025/theta,0
05ccd11f-9082-4273-aefa-f8386f9ac125/0012/r,0
05ccd11f-9082-4273-aefa-f8386f9ac125/0012/theta,0
ec1672b2-15ee-4dcb-a6a0-1f524a1977d4/0032/r,0
ec1672b2-15ee-4dcb-a6a0-1f524a1977d4/0032/theta,0
87e9e215-a030-476d-ac5f-f1f4d06ac0c9/0061/r,0
87e9e215-a030-476d-ac5f-f1f4d06ac0c9/0061/theta,0
0382f411-9b8a-47dc-bd88-eac8245a28ee/0032/r,0
0382f411-9b8a-47dc-bd88-eac8245a28ee/0032/theta,0
f8b71ebf-da9e-408f-a080-6a972365160b/0005/r,0
f8b71ebf-da9e-408f-a080-6a972365160b/0005/theta,0
94df467e-76d8-42c3-b45d-dcebf6131998/0000/r,0
94df467e-76d8-42c3-b45d-dcebf6131998/0000/theta,0
21466ee9-c1b6-4699-afcc-84128f8d0b1e/0024/r,0
21466ee9-c1b6-4699-afcc-84128f8d0b1e/0024/theta,0
d441b25e-dd7d-46c2-895d-2510bcbd207d/0002/r,0
d441b25e-dd7d-46c2-895d-2510bcbd207d/0002/theta,0
87e9e215-a030-476d-ac5f-f1f4d06ac0c9/0047/r,0
87e9e215-a030-476d-ac5f-f1f4d06ac0c9/0047/theta,0
f7641633-c393-4115-9278-0d9b4dbf391b/0022/r,0
f7641633-c393-4115-9278-0d9b4dbf391b/0022/theta,0
5d07a8d5-1fed-47ef-8bb7-a6074763e09e/0033/r,0
5d07a8d5-1fed-47ef-8bb7-a6074763e09e/0033/theta,0
8cfc1ad6-6b03-40bc-8f6e-4215a6741bc3/0006/r,0
8cfc1ad6-6b03-40bc-8f6e-4215a6741bc3/0006/theta,0
6662fdd2-4512-4fce-84b0-717edcd5f54c/0056/r,0
6662fdd2-4512-4fce-84b0-717edcd5f54c/0056/theta,0
b89ca3c0-b361-43f8-b261-ab7eabe8eabf/0023/r,0
b89ca3c0-b361-43f8-b261-ab7eabe8eabf/0023/theta,0
561f3498-8181-4eca-bfda-5f3d61ba76ef/0010/r,0
561f3498-8181-4eca-bfda-5f3d61ba76ef/0010/theta,0
cfb2daae-611b-4b73-9084-6dbf68c8343d/0010/r,0
cfb2daae-611b-4b73-9084-6dbf68c8343d/0010/theta,0
bc97d88d-8c86-4653-86a5-4597485ce018/0007/r,0
bc97d88d-8c86-4653-86a5-4597485ce018/0007/theta,0
55bfa58c-415e-443e-aaa0-c6716f66f780/0044/r,0
55bfa58c-415e-443e-aaa0-c6716f66f780/0044/theta,0
ee2d1ee9-dd1d-4e63-9881-19205c5dae27/0030/r,0
ee2d1ee9-dd1d-4e63-9881-19205c5dae27/0030/theta,0
05ccd11f-9082-4273-aefa-f8386f9ac125/0041/r,0
05ccd11f-9082-4273-aefa-f8386f9ac125/0041/theta,0
58e8bf48-c131-42fb-b5f6-f63e6dc09483/0011/r,0
58e8bf48-c131-42fb-b5f6-f63e6dc09483/0011/theta,0
aa3e1716-992d-48a6-9b2b-1abef589b301/0023/r,0
aa3e1716-992d-48a6-9b2b-1abef589b301/0023/theta,0
f8b71ebf-da9e-408f-a080-6a972365160b/0032/r,0
f8b71ebf-da9e-408f-a080-6a972365160b/0032/theta,0
6662fdd2-4512-4fce-84b0-717edcd5f54c/0057/r,0
6662fdd2-4512-4fce-84b0-717edcd5f54c/0057/theta,0
a7300ae2-80c6-4a3f-ab9c-9f88f5299b67/0013/r,0
a7300ae2-80c6-4a3f-ab9c-9f88f5299b67/0013/theta,0
55bfa58c-415e-443e-aaa0-c6716f66f780/0018/r,0
55bfa58c-415e-443e-aaa0-c6716f66f780/0018/theta,0
6662fdd2-4512-4fce-84b0-717edcd5f54c/0007/r,0
6662fdd2-4512-4fce-84b0-717edcd5f54c/0007/theta,0
94df467e-76d8-42c3-b45d-dcebf6131998/0014/r,0
94df467e-76d8-42c3-b45d-dcebf6131998/0014/theta,0
55bfa58c-415e-443e-aaa0-c6716f66f780/0031/r,0
55bfa58c-415e-443e-aaa0-c6716f66f780/0031/theta,0
0213ada8-e776-4404-9312-c264153c57c1/0021/r,0
0213ada8-e776-4404-9312-c264153c57c1/0021/theta,0
f8b71ebf-da9e-408f-a080-6a972365160b/0016/r,0
f8b71ebf-da9e-408f-a080-6a972365160b/0016/theta,0
87e9e215-a030-476d-ac5f-f1f4d06ac0c9/0064/r,0
87e9e215-a030-476d-ac5f-f1f4d06ac0c9/0064/theta,0
fdf23cc5-6850-4507-996e-3e75cec90b5f/0024/r,0
fdf23cc5-6850-4507-996e-3e75cec90b5f/0024/theta,0
2b0b4d7d-2d10-46c6-b81d-6a7ec08ad6a9/0021/r,0
2b0b4d7d-2d10-46c6-b81d-6a7ec08ad6a9/0021/theta,0
7363cba9-9fbb-4fd2-8c07-e46bed2e1f33/0016/r,0
7363cba9-9fbb-4fd2-8c07-e46bed2e1f33/0016/theta,0
fdf23cc5-6850-4507-996e-3e75cec90b5f/0038/r,0
fdf23cc5-6850-4507-996e-3e75cec90b5f/0038/theta,0
6d479b33-7b8d-4ec8-8fdf-6d58127c633b/0008/r,0
6d479b33-7b8d-4ec8-8fdf-6d58127c633b/0008/theta,0
f231aa86-53f9-4ddf-b163-0bb421b5c1b1/0006/r,0
f231aa86-53f9-4ddf-b163-0bb421b5c1b1/0006/theta,0
5d07a8d5-1fed-47ef-8bb7-a6074763e09e/0002/r,0
5d07a8d5-1fed-47ef-8bb7-a6074763e09e/0002/theta,0
6cd404eb-1c36-4bde-b9b1-24b39b2c715f/0008/r,0
6cd404eb-1c36-4bde-b9b1-24b39b2c715f/0008/theta,0
21466ee9-c1b6-4699-afcc-84128f8d0b1e/0037/r,0
21466ee9-c1b6-4699-afcc-84128f8d0b1e/0037/theta,0
ee2d1ee9-dd1d-4e63-9881-19205c5dae27/0043/r,0
ee2d1ee9-dd1d-4e63-9881-19205c5dae27/0043/theta,0
6cc9eaa6-ab67-4102-b088-4ab6efa2af6e/0043/r,0
6cc9eaa6-ab67-4102-b088-4ab6efa2af6e/0043/theta,0
77d40a22-9c26-4258-a3cc-a92789bd692e/0027/r,0
77d40a22-9c26-4258-a3cc-a92789bd692e/0027/theta,0
eccfbc47-1e2f-4754-9fa7-4f56903cd13d/0041/r,0
eccfbc47-1e2f-4754-9fa7-4f56903cd13d/0041/theta,0
aa3e1716-992d-48a6-9b2b-1abef589b301/0028/r,0
aa3e1716-992d-48a6-9b2b-1abef589b301/0028/theta,0
eccfbc47-1e2f-4754-9fa7-4f56903cd13d/0028/r,0
eccfbc47-1e2f-4754-9fa7-4f56903cd13d/0028/theta,0
fdf23cc5-6850-4507-996e-3e75cec90b5f/0026/r,0
fdf23cc5-6850-4507-996e-3e75cec90b5f/0026/theta,0
ee2d1ee9-dd1d-4e63-9881-19205c5dae27/0065/r,0
ee2d1ee9-dd1d-4e63-9881-19205c5dae27/0065/theta,0
33258271-d00b-47bb-a09a-4db79a4717e0/0025/r,0
33258271-d00b-47bb-a09a-4db79a4717e0/0025/theta,0
6cc9eaa6-ab67-4102-b088-4ab6efa2af6e/0002/r,0
6cc9eaa6-ab67-4102-b088-4ab6efa2af6e/0002/theta,0
6cc9eaa6-ab67-4102-b088-4ab6efa2af6e/0012/r,0
6cc9eaa6-ab67-4102-b088-4ab6efa2af6e/0012/theta,0
f8b71ebf-da9e-408f-a080-6a972365160b/0030/r,0
f8b71ebf-da9e-408f-a080-6a972365160b/0030/theta,0
21466ee9-c1b6-4699-afcc-84128f8d0b1e/0003/r,0
21466ee9-c1b6-4699-afcc-84128f8d0b1e/0003/theta,0
6662fdd2-4512-4fce-84b0-717edcd5f54c/0031/r,0
6662fdd2-4512-4fce-84b0-717edcd5f54c/0031/theta,0
43125b79-258a-42c8-8572-fcad85e3c3be/0003/r,0
43125b79-258a-42c8-8572-fcad85e3c3be/0003/theta,0
f8b71ebf-da9e-408f-a080-6a972365160b/0012/r,0
f8b71ebf-da9e-408f-a080-6a972365160b/0012/theta,0
ee2d1ee9-dd1d-4e63-9881-19205c5dae27/0078/r,0
ee2d1ee9-dd1d-4e63-9881-19205c5dae27/0078/theta,0
59f19071-a9b1-4de8-b7fd-2a862d2ae674/0011/r,0
59f19071-a9b1-4de8-b7fd-2a862d2ae674/0011/theta,0
ee2d1ee9-dd1d-4e63-9881-19205c5dae27/0059/r,0
ee2d1ee9-dd1d-4e63-9881-19205c5dae27/0059/theta,0
21466ee9-c1b6-4699-afcc-84128f8d0b1e/0034/r,0
21466ee9-c1b6-4699-afcc-84128f8d0b1e/0034/theta,0
0213ada8-e776-4404-9312-c264153c57c1/0044/r,0
0213ada8-e776-4404-9312-c264153c57c1/0044/theta,0
4bdadb60-87ad-4a69-92a0-8d99e2fe3a51/0005/r,0
4bdadb60-87ad-4a69-92a0-8d99e2fe3a51/0005/theta,0
d441b25e-dd7d-46c2-895d-2510bcbd207d/0040/r,0
d441b25e-dd7d-46c2-895d-2510bcbd207d/0040/theta,0
4819ef9e-e93e-479b-a613-dca8f9be3d45/0001/r,0
4819ef9e-e93e-479b-a613-dca8f9be3d45/0001/theta,0
43125b79-258a-42c8-8572-fcad85e3c3be/0009/r,0
43125b79-258a-42c8-8572-fcad85e3c3be/0009/theta,0
7363cba9-9fbb-4fd2-8c07-e46bed2e1f33/0018/r,0
7363cba9-9fbb-4fd2-8c07-e46bed2e1f33/0018/theta,0
8cfc1ad6-6b03-40bc-8f6e-4215a6741bc3/0016/r,0
8cfc1ad6-6b03-40bc-8f6e-4215a6741bc3/0016/theta,0
ee2d1ee9-dd1d-4e63-9881-19205c5dae27/0000/r,0
ee2d1ee9-dd1d-4e63-9881-19205c5dae27/0000/theta,0
0213ada8-e776-4404-9312-c264153c57c1/0013/r,0
0213ada8-e776-4404-9312-c264153c57c1/0013/theta,0
94835623-ca6c-4ac4-82d4-0e63c1b7c16a/0015/r,0
94835623-ca6c-4ac4-82d4-0e63c1b7c16a/0015/theta,0
f8b71ebf-da9e-408f-a080-6a972365160b/0017/r,0
f8b71ebf-da9e-408f-a080-6a972365160b/0017/theta,0
a7300ae2-80c6-4a3f-ab9c-9f88f5299b67/0005/r,0
a7300ae2-80c6-4a3f-ab9c-9f88f5299b67/0005/theta,0
6662fdd2-4512-4fce-84b0-717edcd5f54c/0053/r,0
6662fdd2-4512-4fce-84b0-717edcd5f54c/0053/theta,0
f8e9737c-639e-433f-8f28-2d7660d63181/0035/r,0
f8e9737c-639e-433f-8f28-2d7660d63181/0035/theta,0
268e7603-8bb4-4909-ad83-2962513382d4/0019/r,0
268e7603-8bb4-4909-ad83-2962513382d4/0019/theta,0
6cd404eb-1c36-4bde-b9b1-24b39b2c715f/0000/r,0
6cd404eb-1c36-4bde-b9b1-24b39b2c715f/0000/theta,0
d441b25e-dd7d-46c2-895d-2510bcbd207d/0054/r,0
d441b25e-dd7d-46c2-895d-2510bcbd207d/0054/theta,0
030a2430-5503-47c8-87df-8df226c188b2/0051/r,0
030a2430-5503-47c8-87df-8df226c188b2/0051/theta,0
f7641633-c393-4115-9278-0d9b4dbf391b/0028/r,0
f7641633-c393-4115-9278-0d9b4dbf391b/0028/theta,0
ec1672b2-15ee-4dcb-a6a0-1f524a1977d4/0023/r,0
ec1672b2-15ee-4dcb-a6a0-1f524a1977d4/0023/theta,0
05ccd11f-9082-4273-aefa-f8386f9ac125/0001/r,0
05ccd11f-9082-4273-aefa-f8386f9ac125/0001/theta,0
f7641633-c393-4115-9278-0d9b4dbf391b/0044/r,0
f7641633-c393-4115-9278-0d9b4dbf391b/0044/theta,0
05ccd11f-9082-4273-aefa-f8386f9ac125/0013/r,0
05ccd11f-9082-4273-aefa-f8386f9ac125/0013/theta,0
268e7603-8bb4-4909-ad83-2962513382d4/0008/r,0
268e7603-8bb4-4909-ad83-2962513382d4/0008/theta,0
55bfa58c-415e-443e-aaa0-c6716f66f780/0054/r,0
55bfa58c-415e-443e-aaa0-c6716f66f780/0054/theta,0
f8e9737c-639e-433f-8f28-2d7660d63181/0010/r,0
f8e9737c-639e-433f-8f28-2d7660d63181/0010/theta,0
ee2d1ee9-dd1d-4e63-9881-19205c5dae27/0026/r,0
ee2d1ee9-dd1d-4e63-9881-19205c5dae27/0026/theta,0
030a2430-5503-47c8-87df-8df226c188b2/0007/r,0
030a2430-5503-47c8-87df-8df226c188b2/0007/theta,0
aa3e1716-992d-48a6-9b2b-1abef589b301/0019/r,0
aa3e1716-992d-48a6-9b2b-1abef589b301/0019/theta,0
030a2430-5503-47c8-87df-8df226c188b2/0044/r,0
030a2430-5503-47c8-87df-8df226c188b2/0044/theta,0
1d954255-b8d3-42f4-9e47-2cc32c4cb5ce/0023/r,0
1d954255-b8d3-42f4-9e47-2cc32c4cb5ce/0023/theta,0
21466ee9-c1b6-4699-afcc-84128f8d0b1e/0029/r,0
21466ee9-c1b6-4699-afcc-84128f8d0b1e/0029/theta,0
ee2d1ee9-dd1d-4e63-9881-19205c5dae27/0075/r,0
ee2d1ee9-dd1d-4e63-9881-19205c5dae27/0075/theta,0
4bdadb60-87ad-4a69-92a0-8d99e2fe3a51/0008/r,0
4bdadb60-87ad-4a69-92a0-8d99e2fe3a51/0008/theta,0
1d954255-b8d3-42f4-9e47-2cc32c4cb5ce/0025/r,0
1d954255-b8d3-42f4-9e47-2cc32c4cb5ce/0025/theta,0
87e9e215-a030-476d-ac5f-f1f4d06ac0c9/0065/r,0
87e9e215-a030-476d-ac5f-f1f4d06ac0c9/0065/theta,0
6cc9eaa6-ab67-4102-b088-4ab6efa2af6e/0042/r,0
6cc9eaa6-ab67-4102-b088-4ab6efa2af6e/0042/theta,0
33258271-d00b-47bb-a09a-4db79a4717e0/0003/r,0
33258271-d00b-47bb-a09a-4db79a4717e0/0003/theta,0
561f3498-8181-4eca-bfda-5f3d61ba76ef/0031/r,0
561f3498-8181-4eca-bfda-5f3d61ba76ef/0031/theta,0
1d954255-b8d3-42f4-9e47-2cc32c4cb5ce/0005/r,0
1d954255-b8d3-42f4-9e47-2cc32c4cb5ce/0005/theta,0
21466ee9-c1b6-4699-afcc-84128f8d0b1e/0038/r,0
21466ee9-c1b6-4699-afcc-84128f8d0b1e/0038/theta,0
9777f121-d32a-4eba-ad84-7b1b579d9f32/0014/r,0
9777f121-d32a-4eba-ad84-7b1b579d9f32/0014/theta,0
f8e9737c-639e-433f-8f28-2d7660d63181/0015/r,0
f8e9737c-639e-433f-8f28-2d7660d63181/0015/theta,0
33258271-d00b-47bb-a09a-4db79a4717e0/0002/r,0
33258271-d00b-47bb-a09a-4db79a4717e0/0002/theta,0
9777f121-d32a-4eba-ad84-7b1b579d9f32/0033/r,0
9777f121-d32a-4eba-ad84-7b1b579d9f32/0033/theta,0
ec1672b2-15ee-4dcb-a6a0-1f524a1977d4/0005/r,0
ec1672b2-15ee-4dcb-a6a0-1f524a1977d4/0005/theta,0
87e9e215-a030-476d-ac5f-f1f4d06ac0c9/0003/r,0
87e9e215-a030-476d-ac5f-f1f4d06ac0c9/0003/theta,0
fdf23cc5-6850-4507-996e-3e75cec90b5f/0041/r,0
fdf23cc5-6850-4507-996e-3e75cec90b5f/0041/theta,0
6cc9eaa6-ab67-4102-b088-4ab6efa2af6e/0011/r,0
6cc9eaa6-ab67-4102-b088-4ab6efa2af6e/0011/theta,0
0213ada8-e776-4404-9312-c264153c57c1/0004/r,0
0213ada8-e776-4404-9312-c264153c57c1/0004/theta,0
77d40a22-9c26-4258-a3cc-a92789bd692e/0025/r,0
77d40a22-9c26-4258-a3cc-a92789bd692e/0025/theta,0
8cfc1ad6-6b03-40bc-8f6e-4215a6741bc3/0018/r,0
8cfc1ad6-6b03-40bc-8f6e-4215a6741bc3/0018/theta,0
f8e9737c-639e-433f-8f28-2d7660d63181/0027/r,0
f8e9737c-639e-433f-8f28-2d7660d63181/0027/theta,0
43125b79-258a-42c8-8572-fcad85e3c3be/0006/r,0
43125b79-258a-42c8-8572-fcad85e3c3be/0006/theta,0
55bfa58c-415e-443e-aaa0-c6716f66f780/0003/r,0
55bfa58c-415e-443e-aaa0-c6716f66f780/0003/theta,0
2b0b4d7d-2d10-46c6-b81d-6a7ec08ad6a9/0010/r,0
2b0b4d7d-2d10-46c6-b81d-6a7ec08ad6a9/0010/theta,0
0213ada8-e776-4404-9312-c264153c57c1/0006/r,0
0213ada8-e776-4404-9312-c264153c57c1/0006/theta,0
43125b79-258a-42c8-8572-fcad85e3c3be/0008/r,0
43125b79-258a-42c8-8572-fcad85e3c3be/0008/theta,0
aa3e1716-992d-48a6-9b2b-1abef589b301/0022/r,0
aa3e1716-992d-48a6-9b2b-1abef589b301/0022/theta,0
9777f121-d32a-4eba-ad84-7b1b579d9f32/0004/r,0
9777f121-d32a-4eba-ad84-7b1b579d9f32/0004/theta,0
43125b79-258a-42c8-8572-fcad85e3c3be/0018/r,0
43125b79-258a-42c8-8572-fcad85e3c3be/0018/theta,0
aa3e1716-992d-48a6-9b2b-1abef589b301/0011/r,0
aa3e1716-992d-48a6-9b2b-1abef589b301/0011/theta,0
eccfbc47-1e2f-4754-9fa7-4f56903cd13d/0011/r,0
eccfbc47-1e2f-4754-9fa7-4f56903cd13d/0011/theta,0
94835623-ca6c-4ac4-82d4-0e63c1b7c16a/0006/r,0
94835623-ca6c-4ac4-82d4-0e63c1b7c16a/0006/theta,0
ee2d1ee9-dd1d-4e63-9881-19205c5dae27/0045/r,0
ee2d1ee9-dd1d-4e63-9881-19205c5dae27/0045/theta,0
ee2d1ee9-dd1d-4e63-9881-19205c5dae27/0066/r,0
ee2d1ee9-dd1d-4e63-9881-19205c5dae27/0066/theta,0
0382f411-9b8a-47dc-bd88-eac8245a28ee/0064/r,0
0382f411-9b8a-47dc-bd88-eac8245a28ee/0064/theta,0
f8e9737c-639e-433f-8f28-2d7660d63181/0042/r,0
f8e9737c-639e-433f-8f28-2d7660d63181/0042/theta,0
f8e9737c-639e-433f-8f28-2d7660d63181/0026/r,0
f8e9737c-639e-433f-8f28-2d7660d63181/0026/theta,0
ee2d1ee9-dd1d-4e63-9881-19205c5dae27/0060/r,0
ee2d1ee9-dd1d-4e63-9881-19205c5dae27/0060/theta,0
94835623-ca6c-4ac4-82d4-0e63c1b7c16a/0001/r,0
94835623-ca6c-4ac4-82d4-0e63c1b7c16a/0001/theta,0
f8e9737c-639e-433f-8f28-2d7660d63181/0020/r,0
f8e9737c-639e-433f-8f28-2d7660d63181/0020/theta,0
fdf23cc5-6850-4507-996e-3e75cec90b5f/0012/r,0
fdf23cc5-6850-4507-996e-3e75cec90b5f/0012/theta,0
33258271-d00b-47bb-a09a-4db79a4717e0/0017/r,0
33258271-d00b-47bb-a09a-4db79a4717e0/0017/theta,0
c8f59cc1-94da-4419-9946-8b1e4a42bbcd/0001/r,0
c8f59cc1-94da-4419-9946-8b1e4a42bbcd/0001/theta,0
05ccd11f-9082-4273-aefa-f8386f9ac125/0052/r,0
05ccd11f-9082-4273-aefa-f8386f9ac125/0052/theta,0
fdf23cc5-6850-4507-996e-3e75cec90b5f/0002/r,0
fdf23cc5-6850-4507-996e-3e75cec90b5f/0002/theta,0
030a2430-5503-47c8-87df-8df226c188b2/0067/r,0
030a2430-5503-47c8-87df-8df226c188b2/0067/theta,0
f8b71ebf-da9e-408f-a080-6a972365160b/0018/r,0
f8b71ebf-da9e-408f-a080-6a972365160b/0018/theta,0
6662fdd2-4512-4fce-84b0-717edcd5f54c/0039/r,0
6662fdd2-4512-4fce-84b0-717edcd5f54c/0039/theta,0
0213ada8-e776-4404-9312-c264153c57c1/0017/r,0
0213ada8-e776-4404-9312-c264153c57c1/0017/theta,0
6cd404eb-1c36-4bde-b9b1-24b39b2c715f/0004/r,0
6cd404eb-1c36-4bde-b9b1-24b39b2c715f/0004/theta,0
f8e9737c-639e-433f-8f28-2d7660d63181/0034/r,0
f8e9737c-639e-433f-8f28-2d7660d63181/0034/theta,0
561f3498-8181-4eca-bfda-5f3d61ba76ef/0007/r,0
561f3498-8181-4eca-bfda-5f3d61ba76ef/0007/theta,0
eccfbc47-1e2f-4754-9fa7-4f56903cd13d/0035/r,0
eccfbc47-1e2f-4754-9fa7-4f56903cd13d/0035/theta,0
6d479b33-7b8d-4ec8-8fdf-6d58127c633b/0002/r,0
6d479b33-7b8d-4ec8-8fdf-6d58127c633b/0002/theta,0
05ccd11f-9082-4273-aefa-f8386f9ac125/0045/r,0
05ccd11f-9082-4273-aefa-f8386f9ac125/0045/theta,0
8cfc1ad6-6b03-40bc-8f6e-4215a6741bc3/0021/r,0
8cfc1ad6-6b03-40bc-8f6e-4215a6741bc3/0021/theta,0
c6efa238-f063-407a-9f5c-81bb9983302e/0007/r,0
c6efa238-f063-407a-9f5c-81bb9983302e/0007/theta,0
5d07a8d5-1fed-47ef-8bb7-a6074763e09e/0031/r,0
5d07a8d5-1fed-47ef-8bb7-a6074763e09e/0031/theta,0
58e8bf48-c131-42fb-b5f6-f63e6dc09483/0002/r,0
58e8bf48-c131-42fb-b5f6-f63e6dc09483/0002/theta,0
cfb2daae-611b-4b73-9084-6dbf68c8343d/0015/r,0
cfb2daae-611b-4b73-9084-6dbf68c8343d/0015/theta,0
561f3498-8181-4eca-bfda-5f3d61ba76ef/0028/r,0
561f3498-8181-4eca-bfda-5f3d61ba76ef/0028/theta,0
d441b25e-dd7d-46c2-895d-2510bcbd207d/0009/r,0
d441b25e-dd7d-46c2-895d-2510bcbd207d/0009/theta,0
f8e9737c-639e-433f-8f28-2d7660d63181/0008/r,0
f8e9737c-639e-433f-8f28-2d7660d63181/0008/theta,0
87e9e215-a030-476d-ac5f-f1f4d06ac0c9/0008/r,0
87e9e215-a030-476d-ac5f-f1f4d06ac0c9/0008/theta,0
f8b71ebf-da9e-408f-a080-6a972365160b/0041/r,0
f8b71ebf-da9e-408f-a080-6a972365160b/0041/theta,0
fdf23cc5-6850-4507-996e-3e75cec90b5f/0022/r,0
fdf23cc5-6850-4507-996e-3e75cec90b5f/0022/theta,0
2b0b4d7d-2d10-46c6-b81d-6a7ec08ad6a9/0012/r,0
2b0b4d7d-2d10-46c6-b81d-6a7ec08ad6a9/0012/theta,0
b89ca3c0-b361-43f8-b261-ab7eabe8eabf/0005/r,0
b89ca3c0-b361-43f8-b261-ab7eabe8eabf/0005/theta,0
fdf23cc5-6850-4507-996e-3e75cec90b5f/0021/r,0
fdf23cc5-6850-4507-996e-3e75cec90b5f/0021/theta,0
aa3e1716-992d-48a6-9b2b-1abef589b301/0026/r,0
aa3e1716-992d-48a6-9b2b-1abef589b301/0026/theta,0
1d954255-b8d3-42f4-9e47-2cc32c4cb5ce/0009/r,0
1d954255-b8d3-42f4-9e47-2cc32c4cb5ce/0009/theta,0
05ccd11f-9082-4273-aefa-f8386f9ac125/0031/r,0
05ccd11f-9082-4273-aefa-f8386f9ac125/0031/theta,0
aa3e1716-992d-48a6-9b2b-1abef589b301/0006/r,0
aa3e1716-992d-48a6-9b2b-1abef589b301/0006/theta,0
21466ee9-c1b6-4699-afcc-84128f8d0b1e/0033/r,0
21466ee9-c1b6-4699-afcc-84128f8d0b1e/0033/theta,0
eccfbc47-1e2f-4754-9fa7-4f56903cd13d/0003/r,0
eccfbc47-1e2f-4754-9fa7-4f56903cd13d/0003/theta,0
4bdadb60-87ad-4a69-92a0-8d99e2fe3a51/0009/r,0
4bdadb60-87ad-4a69-92a0-8d99e2fe3a51/0009/theta,0
bc97d88d-8c86-4653-86a5-4597485ce018/0003/r,0
bc97d88d-8c86-4653-86a5-4597485ce018/0003/theta,0
561f3498-8181-4eca-bfda-5f3d61ba76ef/0030/r,0
561f3498-8181-4eca-bfda-5f3d61ba76ef/0030/theta,0
9777f121-d32a-4eba-ad84-7b1b579d9f32/0008/r,0
9777f121-d32a-4eba-ad84-7b1b579d9f32/0008/theta,0
0382f411-9b8a-47dc-bd88-eac8245a28ee/0062/r,0
0382f411-9b8a-47dc-bd88-eac8245a28ee/0062/theta,0
1d954255-b8d3-42f4-9e47-2cc32c4cb5ce/0033/r,0
1d954255-b8d3-42f4-9e47-2cc32c4cb5ce/0033/theta,0
87e9e215-a030-476d-ac5f-f1f4d06ac0c9/0045/r,0
87e9e215-a030-476d-ac5f-f1f4d06ac0c9/0045/theta,0
05ccd11f-9082-4273-aefa-f8386f9ac125/0000/r,0
05ccd11f-9082-4273-aefa-f8386f9ac125/0000/theta,0
94835623-ca6c-4ac4-82d4-0e63c1b7c16a/0024/r,0
94835623-ca6c-4ac4-82d4-0e63c1b7c16a/0024/theta,0
0382f411-9b8a-47dc-bd88-eac8245a28ee/0053/r,0
0382f411-9b8a-47dc-bd88-eac8245a28ee/0053/theta,0
ee2d1ee9-dd1d-4e63-9881-19205c5dae27/0017/r,0
ee2d1ee9-dd1d-4e63-9881-19205c5dae27/0017/theta,0
6cc9eaa6-ab67-4102-b088-4ab6efa2af6e/0004/r,0
6cc9eaa6-ab67-4102-b088-4ab6efa2af6e/0004/theta,0
9777f121-d32a-4eba-ad84-7b1b579d9f32/0029/r,0
9777f121-d32a-4eba-ad84-7b1b579d9f32/0029/theta,0
21466ee9-c1b6-4699-afcc-84128f8d0b1e/0031/r,0
21466ee9-c1b6-4699-afcc-84128f8d0b1e/0031/theta,0
87e9e215-a030-476d-ac5f-f1f4d06ac0c9/0059/r,0
87e9e215-a030-476d-ac5f-f1f4d06ac0c9/0059/theta,0
c8f59cc1-94da-4419-9946-8b1e4a42bbcd/0013/r,0
c8f59cc1-94da-4419-9946-8b1e4a42bbcd/0013/theta,0
55bfa58c-415e-443e-aaa0-c6716f66f780/0051/r,0
55bfa58c-415e-443e-aaa0-c6716f66f780/0051/theta,0
030a2430-5503-47c8-87df-8df226c188b2/0071/r,0
030a2430-5503-47c8-87df-8df226c188b2/0071/theta,0
94df467e-76d8-42c3-b45d-dcebf6131998/0003/r,0
94df467e-76d8-42c3-b45d-dcebf6131998/0003/theta,0
43125b79-258a-42c8-8572-fcad85e3c3be/0011/r,0
43125b79-258a-42c8-8572-fcad85e3c3be/0011/theta,0
7363cba9-9fbb-4fd2-8c07-e46bed2e1f33/0013/r,0
7363cba9-9fbb-4fd2-8c07-e46bed2e1f33/0013/theta,0
87e9e215-a030-476d-ac5f-f1f4d06ac0c9/0055/r,0
87e9e215-a030-476d-ac5f-f1f4d06ac0c9/0055/theta,0
58e8bf48-c131-42fb-b5f6-f63e6dc09483/0008/r,0
58e8bf48-c131-42fb-b5f6-f63e6dc09483/0008/theta,0
6662fdd2-4512-4fce-84b0-717edcd5f54c/0029/r,0
6662fdd2-4512-4fce-84b0-717edcd5f54c/0029/theta,0
87e9e215-a030-476d-ac5f-f1f4d06ac0c9/0053/r,0
87e9e215-a030-476d-ac5f-f1f4d06ac0c9/0053/theta,0
561f3498-8181-4eca-bfda-5f3d61ba76ef/0001/r,0
561f3498-8181-4eca-bfda-5f3d61ba76ef/0001/theta,0
f8e9737c-639e-433f-8f28-2d7660d63181/0018/r,0
f8e9737c-639e-433f-8f28-2d7660d63181/0018/theta,0
597b5172-e412-4827-9b78-6b3585569148/0002/r,0
597b5172-e412-4827-9b78-6b3585569148/0002/theta,0
d441b25e-dd7d-46c2-895d-2510bcbd207d/0049/r,0
d441b25e-dd7d-46c2-895d-2510bcbd207d/0049/theta,0
7363cba9-9fbb-4fd2-8c07-e46bed2e1f33/0014/r,0
7363cba9-9fbb-4fd2-8c07-e46bed2e1f33/0014/theta,0
d441b25e-dd7d-46c2-895d-2510bcbd207d/0056/r,0
d441b25e-dd7d-46c2-895d-2510bcbd207d/0056/theta,0
6cc9eaa6-ab67-4102-b088-4ab6efa2af6e/0003/r,0
6cc9eaa6-ab67-4102-b088-4ab6efa2af6e/0003/theta,0
1d954255-b8d3-42f4-9e47-2cc32c4cb5ce/0028/r,0
1d954255-b8d3-42f4-9e47-2cc32c4cb5ce/0028/theta,0
94df467e-76d8-42c3-b45d-dcebf6131998/0017/r,0
94df467e-76d8-42c3-b45d-dcebf6131998/0017/theta,0
f231aa86-53f9-4ddf-b163-0bb421b5c1b1/0011/r,0
f231aa86-53f9-4ddf-b163-0bb421b5c1b1/0011/theta,0
b89ca3c0-b361-43f8-b261-ab7eabe8eabf/0018/r,0
b89ca3c0-b361-43f8-b261-ab7eabe8eabf/0018/theta,0
87e9e215-a030-476d-ac5f-f1f4d06ac0c9/0050/r,0
87e9e215-a030-476d-ac5f-f1f4d06ac0c9/0050/theta,0
030a2430-5503-47c8-87df-8df226c188b2/0043/r,0
030a2430-5503-47c8-87df-8df226c188b2/0043/theta,0
6662fdd2-4512-4fce-84b0-717edcd5f54c/0038/r,0
6662fdd2-4512-4fce-84b0-717edcd5f54c/0038/theta,0
cfb2daae-611b-4b73-9084-6dbf68c8343d/0007/r,0
cfb2daae-611b-4b73-9084-6dbf68c8343d/0007/theta,0
0213ada8-e776-4404-9312-c264153c57c1/0023/r,0
0213ada8-e776-4404-9312-c264153c57c1/0023/theta,0
9777f121-d32a-4eba-ad84-7b1b579d9f32/0028/r,0
9777f121-d32a-4eba-ad84-7b1b579d9f32/0028/theta,0
94835623-ca6c-4ac4-82d4-0e63c1b7c16a/0023/r,0
94835623-ca6c-4ac4-82d4-0e63c1b7c16a/0023/theta,0
d441b25e-dd7d-46c2-895d-2510bcbd207d/0020/r,0
d441b25e-dd7d-46c2-895d-2510bcbd207d/0020/theta,0
f8b71ebf-da9e-408f-a080-6a972365160b/0035/r,0
f8b71ebf-da9e-408f-a080-6a972365160b/0035/theta,0
aa3e1716-992d-48a6-9b2b-1abef589b301/0005/r,0
aa3e1716-992d-48a6-9b2b-1abef589b301/0005/theta,0
d441b25e-dd7d-46c2-895d-2510bcbd207d/0004/r,0
d441b25e-dd7d-46c2-895d-2510bcbd207d/0004/theta,0
2b0b4d7d-2d10-46c6-b81d-6a7ec08ad6a9/0020/r,0
2b0b4d7d-2d10-46c6-b81d-6a7ec08ad6a9/0020/theta,0
d441b25e-dd7d-46c2-895d-2510bcbd207d/0027/r,0
d441b25e-dd7d-46c2-895d-2510bcbd207d/0027/theta,0
59f19071-a9b1-4de8-b7fd-2a862d2ae674/0001/r,0
59f19071-a9b1-4de8-b7fd-2a862d2ae674/0001/theta,0
0213ada8-e776-4404-9312-c264153c57c1/0011/r,0
0213ada8-e776-4404-9312-c264153c57c1/0011/theta,0
5d07a8d5-1fed-47ef-8bb7-a6074763e09e/0020/r,0
5d07a8d5-1fed-47ef-8bb7-a6074763e09e/0020/theta,0
7363cba9-9fbb-4fd2-8c07-e46bed2e1f33/0010/r,0
7363cba9-9fbb-4fd2-8c07-e46bed2e1f33/0010/theta,0
0213ada8-e776-4404-9312-c264153c57c1/0000/r,0
0213ada8-e776-4404-9312-c264153c57c1/0000/theta,0
33258271-d00b-47bb-a09a-4db79a4717e0/0029/r,0
33258271-d00b-47bb-a09a-4db79a4717e0/0029/theta,0
f231aa86-53f9-4ddf-b163-0bb421b5c1b1/0024/r,0
f231aa86-53f9-4ddf-b163-0bb421b5c1b1/0024/theta,0
0213ada8-e776-4404-9312-c264153c57c1/0003/r,0
0213ada8-e776-4404-9312-c264153c57c1/0003/theta,0
b89ca3c0-b361-43f8-b261-ab7eabe8eabf/0015/r,0
b89ca3c0-b361-43f8-b261-ab7eabe8eabf/0015/theta,0
ee2d1ee9-dd1d-4e63-9881-19205c5dae27/0057/r,0
ee2d1ee9-dd1d-4e63-9881-19205c5dae27/0057/theta,0
eccfbc47-1e2f-4754-9fa7-4f56903cd13d/0002/r,0
eccfbc47-1e2f-4754-9fa7-4f56903cd13d/0002/theta,0
0382f411-9b8a-47dc-bd88-eac8245a28ee/0047/r,0
0382f411-9b8a-47dc-bd88-eac8245a28ee/0047/theta,0
ee2d1ee9-dd1d-4e63-9881-19205c5dae27/0049/r,0
ee2d1ee9-dd1d-4e63-9881-19205c5dae27/0049/theta,0
0382f411-9b8a-47dc-bd88-eac8245a28ee/0033/r,0
0382f411-9b8a-47dc-bd88-eac8245a28ee/0033/theta,0
59f19071-a9b1-4de8-b7fd-2a862d2ae674/0038/r,0
59f19071-a9b1-4de8-b7fd-2a862d2ae674/0038/theta,0
9777f121-d32a-4eba-ad84-7b1b579d9f32/0022/r,0
9777f121-d32a-4eba-ad84-7b1b579d9f32/0022/theta,0
cfb2daae-611b-4b73-9084-6dbf68c8343d/0000/r,0
cfb2daae-611b-4b73-9084-6dbf68c8343d/0000/theta,0
0213ada8-e776-4404-9312-c264153c57c1/0012/r,0
0213ada8-e776-4404-9312-c264153c57c1/0012/theta,0
94835623-ca6c-4ac4-82d4-0e63c1b7c16a/0027/r,0
94835623-ca6c-4ac4-82d4-0e63c1b7c16a/0027/theta,0
aa3e1716-992d-48a6-9b2b-1abef589b301/0004/r,0
aa3e1716-992d-48a6-9b2b-1abef589b301/0004/theta,0
eccfbc47-1e2f-4754-9fa7-4f56903cd13d/0014/r,0
eccfbc47-1e2f-4754-9fa7-4f56903cd13d/0014/theta,0
030a2430-5503-47c8-87df-8df226c188b2/0001/r,0
030a2430-5503-47c8-87df-8df226c188b2/0001/theta,0
8cfc1ad6-6b03-40bc-8f6e-4215a6741bc3/0015/r,0
8cfc1ad6-6b03-40bc-8f6e-4215a6741bc3/0015/theta,0
4bdadb60-87ad-4a69-92a0-8d99e2fe3a51/0012/r,0
4bdadb60-87ad-4a69-92a0-8d99e2fe3a51/0012/theta,0
21466ee9-c1b6-4699-afcc-84128f8d0b1e/0018/r,0
21466ee9-c1b6-4699-afcc-84128f8d0b1e/0018/theta,0
f8e9737c-639e-433f-8f28-2d7660d63181/0036/r,0
f8e9737c-639e-433f-8f28-2d7660d63181/0036/theta,0
5d07a8d5-1fed-47ef-8bb7-a6074763e09e/0007/r,0
5d07a8d5-1fed-47ef-8bb7-a6074763e09e/0007/theta,0
87e9e215-a030-476d-ac5f-f1f4d06ac0c9/0062/r,0
87e9e215-a030-476d-ac5f-f1f4d06ac0c9/0062/theta,0
0382f411-9b8a-47dc-bd88-eac8245a28ee/0016/r,0
0382f411-9b8a-47dc-bd88-eac8245a28ee/0016/theta,0
030a2430-5503-47c8-87df-8df226c188b2/0056/r,0
030a2430-5503-47c8-87df-8df226c188b2/0056/theta,0
05ccd11f-9082-4273-aefa-f8386f9ac125/0038/r,0
05ccd11f-9082-4273-aefa-f8386f9ac125/0038/theta,0
6cd404eb-1c36-4bde-b9b1-24b39b2c715f/0023/r,0
6cd404eb-1c36-4bde-b9b1-24b39b2c715f/0023/theta,0
5d07a8d5-1fed-47ef-8bb7-a6074763e09e/0015/r,0
5d07a8d5-1fed-47ef-8bb7-a6074763e09e/0015/theta,0
6662fdd2-4512-4fce-84b0-717edcd5f54c/0063/r,0
6662fdd2-4512-4fce-84b0-717edcd5f54c/0063/theta,0
1d954255-b8d3-42f4-9e47-2cc32c4cb5ce/0027/r,0
1d954255-b8d3-42f4-9e47-2cc32c4cb5ce/0027/theta,0
ec1672b2-15ee-4dcb-a6a0-1f524a1977d4/0027/r,0
ec1672b2-15ee-4dcb-a6a0-1f524a1977d4/0027/theta,0
9d602547-bdf8-45e3-9b16-81c6fe9338e4/0004/r,0
9d602547-bdf8-45e3-9b16-81c6fe9338e4/0004/theta,0
21466ee9-c1b6-4699-afcc-84128f8d0b1e/0027/r,0
21466ee9-c1b6-4699-afcc-84128f8d0b1e/0027/theta,0
87e9e215-a030-476d-ac5f-f1f4d06ac0c9/0058/r,0
87e9e215-a030-476d-ac5f-f1f4d06ac0c9/0058/theta,0
4819ef9e-e93e-479b-a613-dca8f9be3d45/0002/r,0
4819ef9e-e93e-479b-a613-dca8f9be3d45/0002/theta,0
43125b79-258a-42c8-8572-fcad85e3c3be/0000/r,0
43125b79-258a-42c8-8572-fcad85e3c3be/0000/theta,0
0382f411-9b8a-47dc-bd88-eac8245a28ee/0035/r,0
0382f411-9b8a-47dc-bd88-eac8245a28ee/0035/theta,0
94df467e-76d8-42c3-b45d-dcebf6131998/0001/r,0
94df467e-76d8-42c3-b45d-dcebf6131998/0001/theta,0
4819ef9e-e93e-479b-a613-dca8f9be3d45/0005/r,0
4819ef9e-e93e-479b-a613-dca8f9be3d45/0005/theta,0
